{
  "greedy": {
    "mse": 0.0126466367668628,
    "mae": 0.05387066456215183,
    "r2": 0.8110594177679407
  },
  "top1": {
    "mse": 0.028550325404277002,
    "mae": 0.0810708625189286,
    "r2": 0.573458524646391
  },
  "oracle": {
    "mse": 0.01178559046488367,
    "mae": 0.051294595186945686,
    "r2": 0.8239234378725566
  },
  "sequence_lengths": {
    "ground_truth": {
      "mean": 20.0,
      "std": 0.0,
      "min": 20,
      "max": 20,
      "median": 20.0,
      "histogram": {
        "20": 7221
      }
    },
    "greedy": {
      "mean": 13.253704473064673,
      "std": 3.7784367200300215,
      "min": 4,
      "max": 21,
      "median": 12.0,
      "histogram": {
        "4": 1,
        "5": 1,
        "6": 1,
        "7": 2,
        "8": 172,
        "9": 1247,
        "10": 1543,
        "11": 333,
        "12": 323,
        "13": 341,
        "14": 341,
        "15": 322,
        "16": 391,
        "17": 602,
        "18": 978,
        "19": 492,
        "20": 122,
        "21": 9
      }
    },
    "oracle": {
      "mean": 13.365738817338318,
      "std": 3.73771511798322,
      "min": 0,
      "max": 21,
      "median": 13.0,
      "histogram": {
        "0": 2,
        "5": 1,
        "6": 1,
        "7": 1,
        "8": 136,
        "9": 1431,
        "10": 757,
        "11": 848,
        "12": 384,
        "13": 368,
        "14": 357,
        "15": 361,
        "16": 407,
        "17": 569,
        "18": 869,
        "19": 588,
        "20": 134,
        "21": 7
      }
    }
  },
  "thickness_distribution": {
    "ground_truth": {
      "mean": 583.808994599086,
      "std": 138.43986024464294,
      "min": 30.0,
      "max": 750.0,
      "median": 615.0,
      "p5": 315.0,
      "p25": 495.0,
      "p75": 690.0,
      "p95": 750.0,
      "n_values": 144420,
      "histogram": {
        "30-40": 6,
        "40-50": 13,
        "60-70": 31,
        "70-80": 51,
        "90-100": 87,
        "100-110": 108,
        "120-130": 127,
        "130-140": 194,
        "150-160": 219,
        "160-170": 306,
        "180-190": 345,
        "190-200": 436,
        "210-220": 474,
        "220-230": 521,
        "240-250": 645,
        "250-260": 794,
        "270-280": 816,
        "280-290": 935,
        "300-310": 1027,
        "310-320": 1199,
        "330-340": 1361,
        "340-350": 1467,
        "360-370": 1659,
        "370-380": 1861,
        "390-400": 2050,
        "400-410": 2173,
        "420-430": 2319,
        "430-440": 2562,
        "450-460": 2678,
        "460-470": 2994,
        "480-490": 3288,
        "490-500": 3445,
        "510-520": 3875,
        "520-530": 3932,
        "540-550": 4385,
        "550-560": 4662,
        "570-580": 4793,
        "580-590": 5099,
        "600-610": 5490,
        "610-620": 5783,
        "630-640": 6075,
        "640-650": 6615,
        "660-670": 6959,
        "670-680": 7559,
        "690-700": 7755,
        "700-710": 8247,
        "720-730": 8650,
        "730-740": 9049,
        "750-760": 9301
      },
      "cumulative_depth": {
        "mean": 11676.17989198172,
        "std": 440.752839680287,
        "min": 11010.0,
        "max": 13455.0,
        "median": 11625.0
      }
    },
    "greedy": {
      "mean": 264.3067999470739,
      "std": 88.24246389592128,
      "min": 10.061485290527344,
      "max": 509.111083984375,
      "median": 274.45703125,
      "p5": 87.42671203613281,
      "p25": 195.83773803710938,
      "p75": 330.964599609375,
      "p95": 390.91588134765624,
      "n_values": 95705,
      "histogram": {
        "10-20": 129,
        "20-30": 287,
        "30-40": 460,
        "40-50": 636,
        "50-60": 880,
        "60-70": 890,
        "70-80": 883,
        "80-90": 841,
        "90-100": 827,
        "100-110": 800,
        "110-120": 775,
        "120-130": 727,
        "130-140": 714,
        "140-150": 721,
        "150-160": 749,
        "160-170": 763,
        "170-180": 823,
        "180-190": 906,
        "190-200": 14548,
        "200-210": 1673,
        "210-220": 1802,
        "220-230": 2159,
        "230-240": 2688,
        "240-250": 3324,
        "250-260": 3768,
        "260-270": 3437,
        "270-280": 3728,
        "280-290": 4082,
        "290-300": 4095,
        "300-310": 4299,
        "310-320": 4812,
        "320-330": 4159,
        "330-340": 3976,
        "340-350": 3686,
        "350-360": 3443,
        "360-370": 3059,
        "370-380": 2881,
        "380-390": 2304,
        "390-400": 1854,
        "400-410": 1195,
        "410-420": 756,
        "420-430": 458,
        "430-440": 318,
        "440-450": 180,
        "450-460": 95,
        "460-470": 49,
        "470-480": 33,
        "480-490": 23,
        "490-500": 5,
        "500-510": 5
      },
      "cumulative_depth": {
        "mean": 3503.044216719943,
        "std": 1332.5128720214857,
        "min": 1135.9854125976562,
        "max": 6923.178604125977,
        "median": 3265.0190505981445
      }
    },
    "oracle": {
      "mean": 264.5146547169544,
      "std": 91.2587114500436,
      "min": 10.08928394317627,
      "max": 509.1109619140625,
      "median": 275.6328582763672,
      "p5": 79.13276824951173,
      "p25": 196.11361694335938,
      "p75": 334.82408142089844,
      "p95": 392.0042221069336,
      "n_values": 96514,
      "histogram": {
        "10-20": 236,
        "20-30": 388,
        "30-40": 576,
        "40-50": 758,
        "50-60": 980,
        "60-70": 984,
        "70-80": 993,
        "80-90": 891,
        "90-100": 829,
        "100-110": 796,
        "110-120": 819,
        "120-130": 772,
        "130-140": 764,
        "140-150": 745,
        "150-160": 744,
        "160-170": 796,
        "170-180": 822,
        "180-190": 915,
        "190-200": 13630,
        "200-210": 1908,
        "210-220": 1725,
        "220-230": 2123,
        "230-240": 2792,
        "240-250": 3233,
        "250-260": 3616,
        "260-270": 3445,
        "270-280": 3570,
        "280-290": 3814,
        "290-300": 3889,
        "300-310": 3902,
        "310-320": 4674,
        "320-330": 4240,
        "330-340": 4092,
        "340-350": 3842,
        "350-360": 3750,
        "360-370": 3420,
        "370-380": 3127,
        "380-390": 2648,
        "390-400": 1986,
        "400-410": 1255,
        "410-420": 818,
        "420-430": 489,
        "430-440": 322,
        "440-450": 195,
        "450-460": 90,
        "460-470": 50,
        "470-480": 28,
        "480-490": 22,
        "490-500": 6,
        "500-510": 5
      },
      "cumulative_depth": {
        "mean": 3536.413268507014,
        "std": 1355.6839039514932,
        "min": 1228.6490173339844,
        "max": 6893.776260375977,
        "median": 3321.5552139282227
      }
    }
  }
}