{
  "greedy": {
    "mse": 0.011205132109904778,
    "mae": 0.04813609627126638,
    "r2": 0.8314560730873392
  },
  "top1": {
    "mse": 0.029656793814177577,
    "mae": 0.07755833740422088,
    "r2": 0.553912221645098
  },
  "oracle": {
    "mse": 0.01031350434165655,
    "mae": 0.04581130452691903,
    "r2": 0.8448676459211918
  },
  "sequence_lengths": {
    "ground_truth": {
      "mean": 20.0,
      "std": 0.0,
      "min": 20,
      "max": 20,
      "median": 20.0,
      "histogram": {
        "20": 10000
      }
    },
    "greedy": {
      "mean": 16.1393,
      "std": 4.839596626786162,
      "min": 7,
      "max": 27,
      "median": 16.0,
      "histogram": {
        "7": 1,
        "8": 3,
        "9": 52,
        "10": 841,
        "11": 1937,
        "12": 1131,
        "13": 348,
        "14": 304,
        "15": 337,
        "16": 331,
        "17": 361,
        "18": 318,
        "19": 421,
        "20": 599,
        "21": 986,
        "22": 1123,
        "23": 618,
        "24": 227,
        "25": 53,
        "26": 8,
        "27": 1
      }
    },
    "oracle": {
      "mean": 16.2551,
      "std": 4.729822828605739,
      "min": 6,
      "max": 27,
      "median": 16.0,
      "histogram": {
        "6": 1,
        "8": 1,
        "9": 53,
        "10": 574,
        "11": 1849,
        "12": 1240,
        "13": 417,
        "14": 365,
        "15": 379,
        "16": 381,
        "17": 352,
        "18": 389,
        "19": 460,
        "20": 580,
        "21": 918,
        "22": 1103,
        "23": 661,
        "24": 219,
        "25": 49,
        "26": 8,
        "27": 1
      }
    }
  },
  "thickness_distribution": {
    "ground_truth": {
      "mean": 756.693,
      "std": 195.92491355363666,
      "min": 20.0,
      "max": 1000.0,
      "median": 800.0,
      "p5": 380.0,
      "p25": 640.0,
      "p75": 920.0,
      "p95": 1000.0,
      "n_values": 200000,
      "histogram": {
        "20-30": 8,
        "40-50": 18,
        "60-70": 42,
        "80-90": 76,
        "100-110": 95,
        "120-130": 165,
        "140-150": 248,
        "160-170": 303,
        "180-190": 408,
        "200-210": 442,
        "220-230": 544,
        "240-250": 676,
        "260-270": 789,
        "280-290": 909,
        "300-310": 1099,
        "320-330": 1201,
        "340-350": 1330,
        "360-370": 1502,
        "380-390": 1735,
        "400-410": 1886,
        "420-430": 2025,
        "440-450": 2317,
        "460-470": 2505,
        "480-490": 2809,
        "500-510": 2947,
        "520-530": 3218,
        "540-550": 3353,
        "560-570": 3649,
        "580-590": 3951,
        "600-610": 4195,
        "620-630": 4369,
        "640-650": 4809,
        "660-670": 5162,
        "680-690": 5328,
        "700-710": 5848,
        "720-730": 5923,
        "740-750": 6241,
        "760-770": 6654,
        "780-790": 7120,
        "800-810": 7368,
        "820-830": 7884,
        "840-850": 8363,
        "860-870": 8461,
        "880-890": 9082,
        "900-910": 9395,
        "920-930": 9843,
        "940-950": 10215,
        "960-970": 10675,
        "980-990": 11008,
        "1000-1010": 11807
      },
      "cumulative_depth": {
        "mean": 15133.86,
        "std": 880.5654889898876,
        "min": 11220.0,
        "max": 17920.0,
        "median": 15160.0
      }
    },
    "greedy": {
      "mean": 271.5858882454365,
      "std": 88.4457155626288,
      "min": 10.006622314453125,
      "max": 503.41363525390625,
      "median": 286.70941162109375,
      "p5": 97.3555389404297,
      "p25": 197.19512939453125,
      "p75": 339.5419006347656,
      "p95": 393.2147216796875,
      "n_values": 161393,
      "histogram": {
        "10-20": 221,
        "20-30": 528,
        "30-40": 762,
        "40-50": 950,
        "50-60": 1075,
        "60-70": 1142,
        "70-80": 1226,
        "80-90": 1243,
        "90-100": 1274,
        "100-110": 1287,
        "110-120": 1453,
        "120-130": 1340,
        "130-140": 1311,
        "140-150": 1382,
        "150-160": 1361,
        "160-170": 1457,
        "170-180": 1441,
        "180-190": 1542,
        "190-200": 21049,
        "200-210": 3441,
        "210-220": 2906,
        "220-230": 3215,
        "230-240": 4037,
        "240-250": 4605,
        "250-260": 5424,
        "260-270": 5133,
        "270-280": 5575,
        "280-290": 6579,
        "290-300": 7332,
        "300-310": 7935,
        "310-320": 8528,
        "320-330": 7479,
        "330-340": 7127,
        "340-350": 6805,
        "350-360": 6610,
        "360-370": 6422,
        "370-380": 5780,
        "380-390": 4906,
        "390-400": 3849,
        "400-410": 2350,
        "410-420": 1423,
        "420-430": 877,
        "430-440": 468,
        "440-450": 322,
        "450-460": 129,
        "460-470": 50,
        "470-480": 23,
        "480-490": 11,
        "490-500": 6,
        "500-510": 2
      },
      "cumulative_depth": {
        "mean": 4383.206126159573,
        "std": 1706.6665875402764,
        "min": 1661.7731552124023,
        "max": 8266.468780517578,
        "median": 4242.539833068848
      }
    },
    "oracle": {
      "mean": 272.50613541074506,
      "std": 91.70858422808978,
      "min": 10.006622314453125,
      "max": 503.41375732421875,
      "median": 289.30828857421875,
      "p5": 87.95623779296875,
      "p25": 197.95719146728516,
      "p75": 344.6914367675781,
      "p95": 394.51344299316406,
      "n_values": 162551,
      "histogram": {
        "10-20": 433,
        "20-30": 814,
        "30-40": 968,
        "40-50": 1069,
        "50-60": 1256,
        "60-70": 1285,
        "70-80": 1298,
        "80-90": 1265,
        "90-100": 1332,
        "100-110": 1412,
        "110-120": 1395,
        "120-130": 1360,
        "130-140": 1358,
        "140-150": 1381,
        "150-160": 1353,
        "160-170": 1380,
        "170-180": 1442,
        "180-190": 1535,
        "190-200": 19328,
        "200-210": 3949,
        "210-220": 2816,
        "220-230": 3218,
        "230-240": 4033,
        "240-250": 4462,
        "250-260": 5258,
        "260-270": 4901,
        "270-280": 5383,
        "280-290": 6009,
        "290-300": 6849,
        "300-310": 7240,
        "310-320": 8127,
        "320-330": 7286,
        "330-340": 7284,
        "340-350": 7399,
        "350-360": 7271,
        "360-370": 7115,
        "370-380": 6391,
        "380-390": 5502,
        "390-400": 4343,
        "400-410": 2564,
        "410-420": 1541,
        "420-430": 881,
        "430-440": 514,
        "440-450": 319,
        "450-460": 138,
        "460-470": 51,
        "470-480": 21,
        "480-490": 14,
        "490-500": 6,
        "500-510": 2
      },
      "cumulative_depth": {
        "mean": 4429.614481715203,
        "std": 1731.765129754583,
        "min": 1548.2525177001953,
        "max": 8452.952270507812,
        "median": 4304.243864059448
      }
    }
  }
}