{
  "greedy": {
    "mse": 0.00418845018529775,
    "mae": 0.027195962836388452,
    "r2": 0.9452180292020853
  },
  "top1": {
    "mse": 0.022575866223655996,
    "mae": 0.05616610927474024,
    "r2": 0.7047236114820756
  },
  "oracle": {
    "mse": 0.003287510490084339,
    "mae": 0.023813329784097382,
    "r2": 0.9570016842273044
  },
  "sequence_lengths": {
    "ground_truth": {
      "mean": 13.6898,
      "std": 4.832946922944633,
      "min": 1,
      "max": 20,
      "median": 15.0,
      "histogram": {
        "1": 54,
        "2": 91,
        "3": 152,
        "4": 198,
        "5": 226,
        "6": 268,
        "7": 305,
        "8": 402,
        "9": 456,
        "10": 467,
        "11": 507,
        "12": 576,
        "13": 621,
        "14": 658,
        "15": 698,
        "16": 769,
        "17": 826,
        "18": 842,
        "19": 875,
        "20": 1009
      }
    },
    "greedy": {
      "mean": 10.1422,
      "std": 2.614188049854103,
      "min": 1,
      "max": 20,
      "median": 10.0,
      "histogram": {
        "1": 40,
        "2": 76,
        "3": 101,
        "4": 128,
        "5": 166,
        "6": 189,
        "7": 185,
        "8": 234,
        "9": 2012,
        "10": 4143,
        "11": 919,
        "12": 412,
        "13": 395,
        "14": 296,
        "15": 262,
        "16": 190,
        "17": 135,
        "18": 80,
        "19": 31,
        "20": 6
      }
    },
    "oracle": {
      "mean": 10.1746,
      "std": 2.57707486115557,
      "min": 1,
      "max": 20,
      "median": 10.0,
      "histogram": {
        "1": 19,
        "2": 58,
        "3": 105,
        "4": 143,
        "5": 161,
        "6": 215,
        "7": 190,
        "8": 227,
        "9": 1936,
        "10": 4215,
        "11": 831,
        "12": 470,
        "13": 419,
        "14": 299,
        "15": 286,
        "16": 175,
        "17": 145,
        "18": 77,
        "19": 26,
        "20": 3
      }
    }
  },
  "thickness_distribution": {
    "ground_truth": {
      "mean": 254.62125085830326,
      "std": 144.50803109812324,
      "min": 10.0,
      "max": 500.0,
      "median": 250.0,
      "p5": 30.0,
      "p25": 130.0,
      "p75": 380.0,
      "p95": 480.0,
      "n_values": 136898,
      "histogram": {
        "10-20": 2802,
        "20-30": 2703,
        "30-40": 2784,
        "40-50": 2702,
        "50-60": 2747,
        "60-70": 2791,
        "70-80": 2751,
        "80-90": 2844,
        "90-100": 2678,
        "100-110": 2838,
        "110-120": 2764,
        "120-130": 2700,
        "130-140": 2754,
        "140-150": 2712,
        "150-160": 2791,
        "160-170": 2709,
        "170-180": 2726,
        "180-190": 2766,
        "190-200": 2707,
        "200-210": 2729,
        "210-220": 2682,
        "220-230": 2762,
        "230-240": 2673,
        "240-250": 2692,
        "250-260": 2804,
        "260-270": 2661,
        "270-280": 2637,
        "280-290": 2728,
        "290-300": 2764,
        "300-310": 2773,
        "310-320": 2752,
        "320-330": 2768,
        "330-340": 2804,
        "340-350": 2695,
        "350-360": 2738,
        "360-370": 2706,
        "370-380": 2664,
        "380-390": 2672,
        "390-400": 2782,
        "400-410": 2771,
        "410-420": 2697,
        "420-430": 2740,
        "430-440": 2783,
        "440-450": 2701,
        "450-460": 2808,
        "460-470": 2738,
        "470-480": 2749,
        "480-490": 2746,
        "490-500": 2667,
        "500-510": 2743
      },
      "cumulative_depth": {
        "mean": 3485.714,
        "std": 1336.833665870216,
        "min": 10.0,
        "max": 7490.0,
        "median": 3630.0
      }
    },
    "greedy": {
      "mean": 215.3951200022619,
      "std": 84.5460465587847,
      "min": 10.010156631469727,
      "max": 499.6888732910156,
      "median": 195.89820861816406,
      "p5": 55.3720703125,
      "p25": 194.34672164916992,
      "p75": 263.01111602783203,
      "p95": 368.1746948242187,
      "n_values": 101422,
      "histogram": {
        "10-20": 821,
        "20-30": 1060,
        "30-40": 1132,
        "40-50": 1369,
        "50-60": 1302,
        "60-70": 1295,
        "70-80": 1227,
        "80-90": 1258,
        "90-100": 1307,
        "100-110": 1267,
        "110-120": 1256,
        "120-130": 1252,
        "130-140": 1250,
        "140-150": 1238,
        "150-160": 1341,
        "160-170": 1262,
        "170-180": 1323,
        "180-190": 1473,
        "190-200": 32818,
        "200-210": 1906,
        "210-220": 2333,
        "220-230": 3090,
        "230-240": 4106,
        "240-250": 4258,
        "250-260": 4133,
        "260-270": 3209,
        "270-280": 3092,
        "280-290": 2809,
        "290-300": 2171,
        "300-310": 1936,
        "310-320": 2068,
        "320-330": 1460,
        "330-340": 1323,
        "340-350": 1244,
        "350-360": 1136,
        "360-370": 998,
        "370-380": 906,
        "380-390": 846,
        "390-400": 825,
        "400-410": 736,
        "410-420": 501,
        "420-430": 374,
        "430-440": 261,
        "440-450": 187,
        "450-460": 126,
        "460-470": 68,
        "470-480": 33,
        "480-490": 26,
        "490-500": 10
      },
      "cumulative_depth": {
        "mean": 2184.580386086941,
        "std": 693.5208270824568,
        "min": 10.116144180297852,
        "max": 5504.305877685547,
        "median": 2072.285831451416
      }
    },
    "oracle": {
      "mean": 213.9858644040083,
      "std": 86.75180601531986,
      "min": 10.011629104614258,
      "max": 499.6890869140625,
      "median": 195.8688507080078,
      "p5": 51.04362487792969,
      "p25": 193.9968719482422,
      "p75": 264.1344757080078,
      "p95": 369.3694534301758,
      "n_values": 101746,
      "histogram": {
        "10-20": 1011,
        "20-30": 1147,
        "30-40": 1294,
        "40-50": 1481,
        "50-60": 1465,
        "60-70": 1420,
        "70-80": 1344,
        "80-90": 1404,
        "90-100": 1351,
        "100-110": 1376,
        "110-120": 1322,
        "120-130": 1294,
        "130-140": 1289,
        "140-150": 1305,
        "150-160": 1305,
        "160-170": 1252,
        "170-180": 1366,
        "180-190": 1509,
        "190-200": 31405,
        "200-210": 1864,
        "210-220": 2319,
        "220-230": 3280,
        "230-240": 4127,
        "240-250": 4141,
        "250-260": 3934,
        "260-270": 3187,
        "270-280": 3036,
        "280-290": 2755,
        "290-300": 2169,
        "300-310": 1968,
        "310-320": 2168,
        "320-330": 1564,
        "330-340": 1400,
        "340-350": 1258,
        "350-360": 1195,
        "360-370": 1012,
        "370-380": 965,
        "380-390": 938,
        "390-400": 855,
        "400-410": 748,
        "410-420": 497,
        "420-430": 365,
        "430-440": 247,
        "440-450": 178,
        "450-460": 113,
        "460-470": 61,
        "470-480": 29,
        "480-490": 25,
        "490-500": 8
      },
      "cumulative_depth": {
        "mean": 2177.220575965023,
        "std": 704.7613227402534,
        "min": 12.236440658569336,
        "max": 5435.475845336914,
        "median": 2038.046573638916
      }
    }
  }
}