{
  "n_samples": 10000,
  "material_head": {
    "entropy": {
      "mean": 1.9326545595067621,
      "median": 2.0910027027130127,
      "p10": 0.5489900708198547,
      "p90": 2.906043529510498
    },
    "top1_prob": {
      "mean": 0.39023898676030305,
      "median": 0.2909819185733795,
      "p10": 0.057813145220279694,
      "p90": 0.9120782613754272
    },
    "top1_top2_gap": {
      "mean": 0.2753537742460043,
      "median": 0.06211137771606445,
      "p10": 0.0005065575242042542,
      "p90": 0.9047752022743225
    }
  },
  "thickness_head": {
    "cross_material_cv": {
      "mean": 0.8660245955085838,
      "median": 0.7111266673428335
    },
    "cross_material_std_nm": {
      "mean": 45.572213124705456,
      "median": 43.61703788212758
    },
    "chosen_vs_mean_correlation": 0.12136933132720465
  }
}