{
  "greedy": {
    "mse": 0.010953784605781494,
    "mae": 0.04925972829302695,
    "r2": 0.836350606156112
  },
  "top1": {
    "mse": 0.028073640363810576,
    "mae": 0.07849696702584305,
    "r2": 0.580580192703074
  },
  "oracle": {
    "mse": 0.010535607321159915,
    "mae": 0.048175810758251315,
    "r2": 0.8425981691318788
  },
  "sequence_lengths": {
    "ground_truth": {
      "mean": 20.0,
      "std": 0.0,
      "min": 20,
      "max": 20,
      "median": 20.0,
      "histogram": {
        "20": 7221
      }
    },
    "greedy": {
      "mean": 14.228084752804321,
      "std": 4.109283763256632,
      "min": 4,
      "max": 23,
      "median": 13.0,
      "histogram": {
        "4": 1,
        "6": 1,
        "7": 3,
        "8": 5,
        "9": 70,
        "10": 1587,
        "11": 1512,
        "12": 421,
        "13": 306,
        "14": 296,
        "15": 309,
        "16": 306,
        "17": 318,
        "18": 336,
        "19": 483,
        "20": 598,
        "21": 491,
        "22": 163,
        "23": 15
      }
    },
    "oracle": {
      "mean": 14.284448137377094,
      "std": 3.9992338195344432,
      "min": 0,
      "max": 23,
      "median": 13.0,
      "histogram": {
        "0": 3,
        "7": 3,
        "8": 1,
        "9": 56,
        "10": 1318,
        "11": 1580,
        "12": 517,
        "13": 369,
        "14": 335,
        "15": 335,
        "16": 329,
        "17": 357,
        "18": 329,
        "19": 472,
        "20": 594,
        "21": 483,
        "22": 127,
        "23": 13
      }
    }
  },
  "thickness_distribution": {
    "ground_truth": {
      "mean": 583.808994599086,
      "std": 138.43986024464294,
      "min": 30.0,
      "max": 750.0,
      "median": 615.0,
      "p5": 315.0,
      "p25": 495.0,
      "p75": 690.0,
      "p95": 750.0,
      "n_values": 144420,
      "histogram": {
        "30-40": 6,
        "40-50": 13,
        "60-70": 31,
        "70-80": 51,
        "90-100": 87,
        "100-110": 108,
        "120-130": 127,
        "130-140": 194,
        "150-160": 219,
        "160-170": 306,
        "180-190": 345,
        "190-200": 436,
        "210-220": 474,
        "220-230": 521,
        "240-250": 645,
        "250-260": 794,
        "270-280": 816,
        "280-290": 935,
        "300-310": 1027,
        "310-320": 1199,
        "330-340": 1361,
        "340-350": 1467,
        "360-370": 1659,
        "370-380": 1861,
        "390-400": 2050,
        "400-410": 2173,
        "420-430": 2319,
        "430-440": 2562,
        "450-460": 2678,
        "460-470": 2994,
        "480-490": 3288,
        "490-500": 3445,
        "510-520": 3875,
        "520-530": 3932,
        "540-550": 4385,
        "550-560": 4662,
        "570-580": 4793,
        "580-590": 5099,
        "600-610": 5490,
        "610-620": 5783,
        "630-640": 6075,
        "640-650": 6615,
        "660-670": 6959,
        "670-680": 7559,
        "690-700": 7755,
        "700-710": 8247,
        "720-730": 8650,
        "730-740": 9049,
        "750-760": 9301
      },
      "cumulative_depth": {
        "mean": 11676.17989198172,
        "std": 440.752839680287,
        "min": 11010.0,
        "max": 13455.0,
        "median": 11625.0
      }
    },
    "greedy": {
      "mean": 260.65771443105825,
      "std": 86.44018898750204,
      "min": 10.040081024169922,
      "max": 509.39215087890625,
      "median": 268.1941833496094,
      "p5": 88.54928588867188,
      "p25": 195.66749572753906,
      "p75": 324.4915771484375,
      "p95": 388.37884521484375,
      "n_values": 102741,
      "histogram": {
        "10-20": 157,
        "20-30": 300,
        "30-40": 504,
        "40-50": 721,
        "50-60": 926,
        "60-70": 913,
        "70-80": 870,
        "80-90": 864,
        "90-100": 840,
        "100-110": 846,
        "110-120": 802,
        "120-130": 750,
        "130-140": 723,
        "140-150": 737,
        "150-160": 755,
        "160-170": 753,
        "170-180": 822,
        "180-190": 952,
        "190-200": 17923,
        "200-210": 1482,
        "210-220": 1811,
        "220-230": 2448,
        "230-240": 3126,
        "240-250": 3721,
        "250-260": 4358,
        "260-270": 3996,
        "270-280": 4223,
        "280-290": 4484,
        "290-300": 4781,
        "300-310": 4629,
        "310-320": 4873,
        "320-330": 4271,
        "330-340": 3848,
        "340-350": 3595,
        "350-360": 3262,
        "360-370": 2958,
        "370-380": 2753,
        "380-390": 2155,
        "390-400": 1757,
        "400-410": 1109,
        "410-420": 778,
        "420-430": 454,
        "430-440": 301,
        "440-450": 193,
        "450-460": 94,
        "460-470": 55,
        "470-480": 35,
        "480-490": 21,
        "490-500": 7,
        "500-510": 5
      },
      "cumulative_depth": {
        "mean": 3708.660052397363,
        "std": 1421.967990123085,
        "min": 1139.1844863891602,
        "max": 7260.8236083984375,
        "median": 3289.1083068847656
      }
    },
    "oracle": {
      "mean": 261.19394470785784,
      "std": 89.11786754611349,
      "min": 10.114606857299805,
      "max": 509.39239501953125,
      "median": 269.8009796142578,
      "p5": 81.36094398498535,
      "p25": 195.5467987060547,
      "p75": 328.5710678100586,
      "p95": 389.77991943359376,
      "n_values": 103148,
      "histogram": {
        "10-20": 226,
        "20-30": 370,
        "30-40": 591,
        "40-50": 832,
        "50-60": 1044,
        "60-70": 962,
        "70-80": 997,
        "80-90": 937,
        "90-100": 851,
        "100-110": 897,
        "110-120": 829,
        "120-130": 787,
        "130-140": 723,
        "140-150": 756,
        "150-160": 769,
        "160-170": 779,
        "170-180": 810,
        "180-190": 906,
        "190-200": 17040,
        "200-210": 1642,
        "210-220": 1732,
        "220-230": 2316,
        "230-240": 3142,
        "240-250": 3632,
        "250-260": 4110,
        "260-270": 3980,
        "270-280": 4058,
        "280-290": 4331,
        "290-300": 4322,
        "300-310": 4451,
        "310-320": 4869,
        "320-330": 4258,
        "330-340": 4104,
        "340-350": 3720,
        "350-360": 3555,
        "360-370": 3308,
        "370-380": 3060,
        "380-390": 2336,
        "390-400": 1939,
        "400-410": 1180,
        "410-420": 809,
        "420-430": 471,
        "430-440": 288,
        "440-450": 207,
        "450-460": 97,
        "460-470": 56,
        "470-480": 34,
        "480-490": 21,
        "490-500": 8,
        "500-510": 6
      },
      "cumulative_depth": {
        "mean": 3732.5620682635245,
        "std": 1428.7738028980593,
        "min": 1679.5278930664062,
        "max": 7143.168762207031,
        "median": 3356.987112045288
      }
    }
  }
}