{
  "greedy": {
    "mse": 0.0048220711769962855,
    "mae": 0.02780335339713471,
    "r2": 0.9365901164479986
  },
  "top1": {
    "mse": 0.02579899829316191,
    "mae": 0.06039832310279628,
    "r2": 0.660745057988401
  },
  "oracle": {
    "mse": 0.003928255009568637,
    "mae": 0.02504127655718405,
    "r2": 0.9483437337242969
  },
  "sequence_lengths": {
    "ground_truth": {
      "mean": 25.3297,
      "std": 3.148904239572871,
      "min": 20,
      "max": 30,
      "median": 25.0,
      "histogram": {
        "20": 752,
        "21": 810,
        "22": 814,
        "23": 814,
        "24": 928,
        "25": 910,
        "26": 912,
        "27": 974,
        "28": 985,
        "29": 1025,
        "30": 1076
      }
    },
    "greedy": {
      "mean": 11.0305,
      "std": 2.378690763844683,
      "min": 5,
      "max": 20,
      "median": 10.0,
      "histogram": {
        "5": 2,
        "6": 6,
        "7": 6,
        "8": 21,
        "9": 1975,
        "10": 4608,
        "11": 938,
        "12": 467,
        "13": 393,
        "14": 359,
        "15": 378,
        "16": 310,
        "17": 267,
        "18": 185,
        "19": 62,
        "20": 23
      }
    },
    "oracle": {
      "mean": 11.0949,
      "std": 2.396308408782142,
      "min": 5,
      "max": 21,
      "median": 10.0,
      "histogram": {
        "5": 3,
        "6": 5,
        "7": 10,
        "8": 16,
        "9": 1913,
        "10": 4521,
        "11": 881,
        "12": 545,
        "13": 465,
        "14": 393,
        "15": 387,
        "16": 326,
        "17": 260,
        "18": 181,
        "19": 79,
        "20": 14,
        "21": 1
      }
    }
  },
  "thickness_distribution": {
    "ground_truth": {
      "mean": 254.81332191064246,
      "std": 144.18355526905682,
      "min": 10.0,
      "max": 500.0,
      "median": 250.0,
      "p5": 30.0,
      "p25": 130.0,
      "p75": 380.0,
      "p95": 480.0,
      "n_values": 253297,
      "histogram": {
        "10-20": 4980,
        "20-30": 5171,
        "30-40": 5071,
        "40-50": 5014,
        "50-60": 5102,
        "60-70": 4987,
        "70-80": 5012,
        "80-90": 5125,
        "90-100": 5174,
        "100-110": 5039,
        "110-120": 4969,
        "120-130": 5177,
        "130-140": 5057,
        "140-150": 5043,
        "150-160": 5238,
        "160-170": 5044,
        "170-180": 4986,
        "180-190": 4972,
        "190-200": 5106,
        "200-210": 5060,
        "210-220": 5137,
        "220-230": 5240,
        "230-240": 4991,
        "240-250": 4986,
        "250-260": 5149,
        "260-270": 5239,
        "270-280": 4910,
        "280-290": 4966,
        "290-300": 5032,
        "300-310": 5053,
        "310-320": 5178,
        "320-330": 5103,
        "330-340": 5051,
        "340-350": 5110,
        "350-360": 5086,
        "360-370": 4985,
        "370-380": 5068,
        "380-390": 5058,
        "390-400": 5119,
        "400-410": 5023,
        "410-420": 5012,
        "420-430": 5059,
        "430-440": 5099,
        "440-450": 5044,
        "450-460": 5146,
        "460-470": 4907,
        "470-480": 5141,
        "480-490": 5140,
        "490-500": 4969,
        "500-510": 4969
      },
      "cumulative_depth": {
        "mean": 6454.345,
        "std": 1082.883055077971,
        "min": 3040.0,
        "max": 10210.0,
        "median": 6460.0
      }
    },
    "greedy": {
      "mean": 220.70351235862765,
      "std": 81.1140988823344,
      "min": 10.000740051269531,
      "max": 512.22314453125,
      "median": 196.65567016601562,
      "p5": 62.70949630737307,
      "p25": 194.62594604492188,
      "p75": 267.221435546875,
      "p95": 365.0170166015625,
      "n_values": 110305,
      "histogram": {
        "10-20": 799,
        "20-30": 850,
        "30-40": 1138,
        "40-50": 1217,
        "50-60": 1209,
        "60-70": 1160,
        "70-80": 1132,
        "80-90": 1171,
        "90-100": 1214,
        "100-110": 1142,
        "110-120": 1134,
        "120-130": 1140,
        "130-140": 1137,
        "140-150": 1171,
        "150-160": 1156,
        "160-170": 1279,
        "170-180": 1261,
        "180-190": 1396,
        "190-200": 35366,
        "200-210": 1821,
        "210-220": 2485,
        "220-230": 3658,
        "230-240": 4908,
        "240-250": 5225,
        "250-260": 5357,
        "260-270": 4388,
        "270-280": 3967,
        "280-290": 3411,
        "290-300": 2781,
        "300-310": 2333,
        "310-320": 2298,
        "320-330": 1740,
        "330-340": 1440,
        "340-350": 1270,
        "350-360": 1142,
        "360-370": 950,
        "370-380": 995,
        "380-390": 906,
        "390-400": 789,
        "400-410": 710,
        "410-420": 553,
        "420-430": 357,
        "430-440": 270,
        "440-450": 201,
        "450-460": 143,
        "460-470": 65,
        "470-480": 32,
        "480-490": 21,
        "490-500": 11,
        "500-510": 5,
        "510-520": 1
      },
      "cumulative_depth": {
        "mean": 2434.4700930718423,
        "std": 741.8550161793844,
        "min": 972.8058013916016,
        "max": 5815.226531982422,
        "median": 2161.1547317504883
      }
    },
    "oracle": {
      "mean": 219.32954157319472,
      "std": 83.59747941388682,
      "min": 10.008977890014648,
      "max": 512.2233276367188,
      "median": 196.74871826171875,
      "p5": 56.97284851074219,
      "p25": 194.5572509765625,
      "p75": 268.3955383300781,
      "p95": 365.38441772460936,
      "n_values": 110949,
      "histogram": {
        "10-20": 933,
        "20-30": 993,
        "30-40": 1324,
        "40-50": 1311,
        "50-60": 1418,
        "60-70": 1356,
        "70-80": 1281,
        "80-90": 1279,
        "90-100": 1291,
        "100-110": 1211,
        "110-120": 1235,
        "120-130": 1206,
        "130-140": 1234,
        "140-150": 1229,
        "150-160": 1178,
        "160-170": 1297,
        "170-180": 1251,
        "180-190": 1403,
        "190-200": 33890,
        "200-210": 1910,
        "210-220": 2531,
        "220-230": 3762,
        "230-240": 4912,
        "240-250": 5086,
        "250-260": 5106,
        "260-270": 4244,
        "270-280": 3876,
        "280-290": 3336,
        "290-300": 2777,
        "300-310": 2390,
        "310-320": 2394,
        "320-330": 1885,
        "330-340": 1540,
        "340-350": 1419,
        "350-360": 1288,
        "360-370": 1084,
        "370-380": 1025,
        "380-390": 960,
        "390-400": 830,
        "400-410": 711,
        "410-420": 534,
        "420-430": 344,
        "430-440": 245,
        "440-450": 182,
        "450-460": 133,
        "460-470": 60,
        "470-480": 30,
        "480-490": 18,
        "490-500": 12,
        "500-510": 4,
        "510-520": 1
      },
      "cumulative_depth": {
        "mean": 2433.439330800438,
        "std": 765.7903848169437,
        "min": 734.1613521575928,
        "max": 5658.7003173828125,
        "median": 2126.242681503296
      }
    }
  }
}