{
  "greedy": {
    "mse": 0.017894959472493182,
    "mae": 0.0678731341616555,
    "r2": 0.7601837301066756
  },
  "top1": {
    "mse": 0.02891992616290618,
    "mae": 0.08631594141888718,
    "r2": 0.6124345054461164
  },
  "oracle": {
    "mse": 0.01684977975821706,
    "mae": 0.06528606173299309,
    "r2": 0.7741905291067601
  },
  "sequence_lengths": {
    "ground_truth": {
      "mean": 35.3608,
      "std": 3.163356344138295,
      "min": 30,
      "max": 40,
      "median": 36.0,
      "histogram": {
        "30": 769,
        "31": 808,
        "32": 791,
        "33": 820,
        "34": 856,
        "35": 899,
        "36": 945,
        "37": 970,
        "38": 978,
        "39": 1085,
        "40": 1079
      }
    },
    "greedy": {
      "mean": 12.1612,
      "std": 3.3941146945853196,
      "min": 7,
      "max": 20,
      "median": 11.0,
      "histogram": {
        "7": 26,
        "8": 1225,
        "9": 2205,
        "10": 1086,
        "11": 561,
        "12": 569,
        "13": 565,
        "14": 567,
        "15": 711,
        "16": 926,
        "17": 989,
        "18": 486,
        "19": 79,
        "20": 5
      }
    },
    "oracle": {
      "mean": 12.3855,
      "std": 3.3294578762915745,
      "min": 0,
      "max": 21,
      "median": 12.0,
      "histogram": {
        "0": 4,
        "7": 20,
        "8": 746,
        "9": 2065,
        "10": 1342,
        "11": 737,
        "12": 654,
        "13": 594,
        "14": 569,
        "15": 705,
        "16": 886,
        "17": 975,
        "18": 591,
        "19": 106,
        "20": 5,
        "21": 1
      }
    }
  },
  "thickness_distribution": {
    "ground_truth": {
      "mean": 255.39750231895206,
      "std": 144.52398685357247,
      "min": 10.0,
      "max": 500.0,
      "median": 260.0,
      "p5": 30.0,
      "p25": 130.0,
      "p75": 380.0,
      "p95": 480.0,
      "n_values": 353608,
      "histogram": {
        "10-20": 7256,
        "20-30": 7018,
        "30-40": 7171,
        "40-50": 7178,
        "50-60": 7067,
        "60-70": 6981,
        "70-80": 6857,
        "80-90": 7087,
        "90-100": 7109,
        "100-110": 7059,
        "110-120": 6993,
        "120-130": 6934,
        "130-140": 7054,
        "140-150": 7017,
        "150-160": 6969,
        "160-170": 7058,
        "170-180": 7029,
        "180-190": 7180,
        "190-200": 6951,
        "200-210": 7062,
        "210-220": 7010,
        "220-230": 7140,
        "230-240": 6988,
        "240-250": 7173,
        "250-260": 6971,
        "260-270": 7058,
        "270-280": 6913,
        "280-290": 7135,
        "290-300": 7205,
        "300-310": 7013,
        "310-320": 6866,
        "320-330": 7062,
        "330-340": 7064,
        "340-350": 7118,
        "350-360": 7229,
        "360-370": 7129,
        "370-380": 7077,
        "380-390": 6987,
        "390-400": 7128,
        "400-410": 7160,
        "410-420": 7055,
        "420-430": 7153,
        "430-440": 7183,
        "440-450": 7059,
        "450-460": 7164,
        "460-470": 7109,
        "470-480": 7089,
        "480-490": 7123,
        "490-500": 7072,
        "500-510": 7145
      },
      "cumulative_depth": {
        "mean": 9031.06,
        "std": 1163.346335533834,
        "min": 5450.0,
        "max": 13270.0,
        "median": 9030.0
      }
    },
    "greedy": {
      "mean": 219.28058386775132,
      "std": 91.28468703149969,
      "min": 10.003349304199219,
      "max": 514.3709716796875,
      "median": 213.51715850830078,
      "p5": 54.324059677124026,
      "p25": 170.16263580322266,
      "p75": 283.5130615234375,
      "p95": 366.5618957519531,
      "n_values": 121612,
      "histogram": {
        "10-20": 924,
        "20-30": 1104,
        "30-40": 1489,
        "40-50": 1738,
        "50-60": 1979,
        "60-70": 1875,
        "70-80": 1960,
        "80-90": 2117,
        "90-100": 2138,
        "100-110": 2197,
        "110-120": 2097,
        "120-130": 2207,
        "130-140": 2114,
        "140-150": 2027,
        "150-160": 2245,
        "160-170": 2153,
        "170-180": 2164,
        "180-190": 2226,
        "190-200": 19795,
        "200-210": 4923,
        "210-220": 3569,
        "220-230": 3704,
        "230-240": 4243,
        "240-250": 4573,
        "250-260": 5159,
        "260-270": 4586,
        "270-280": 4422,
        "280-290": 4188,
        "290-300": 3926,
        "300-310": 3490,
        "310-320": 3600,
        "320-330": 2920,
        "330-340": 2461,
        "340-350": 2185,
        "350-360": 1932,
        "360-370": 1663,
        "370-380": 1365,
        "380-390": 1041,
        "390-400": 868,
        "400-410": 689,
        "410-420": 475,
        "420-430": 393,
        "430-440": 281,
        "440-450": 171,
        "450-460": 111,
        "460-470": 57,
        "470-480": 36,
        "480-490": 21,
        "490-500": 5,
        "500-510": 3,
        "510-520": 3
      },
      "cumulative_depth": {
        "mean": 2666.7150365324974,
        "std": 1066.8133049258988,
        "min": 1042.0003204345703,
        "max": 6212.437683105469,
        "median": 2322.8021545410156
      }
    },
    "oracle": {
      "mean": 218.83502508451969,
      "std": 94.24349940652343,
      "min": 10.031990051269531,
      "max": 514.370849609375,
      "median": 215.15237426757812,
      "p5": 48.806010055542004,
      "p25": 164.47955322265625,
      "p75": 285.9236297607422,
      "p95": 369.3124145507812,
      "n_values": 123855,
      "histogram": {
        "10-20": 1320,
        "20-30": 1361,
        "30-40": 1762,
        "40-50": 2000,
        "50-60": 2072,
        "60-70": 2043,
        "70-80": 2138,
        "80-90": 2129,
        "90-100": 2238,
        "100-110": 2226,
        "110-120": 2199,
        "120-130": 2182,
        "130-140": 2182,
        "140-150": 2044,
        "150-160": 2126,
        "160-170": 2087,
        "170-180": 2199,
        "180-190": 2301,
        "190-200": 16395,
        "200-210": 6483,
        "210-220": 4427,
        "220-230": 3856,
        "230-240": 4427,
        "240-250": 4490,
        "250-260": 4695,
        "260-270": 4654,
        "270-280": 4371,
        "280-290": 4210,
        "290-300": 3802,
        "300-310": 3543,
        "310-320": 3617,
        "320-330": 3028,
        "330-340": 2773,
        "340-350": 2408,
        "350-360": 2174,
        "360-370": 1820,
        "370-380": 1607,
        "380-390": 1196,
        "390-400": 956,
        "400-410": 711,
        "410-420": 527,
        "420-430": 389,
        "430-440": 284,
        "440-450": 173,
        "450-460": 110,
        "460-470": 50,
        "470-480": 36,
        "480-490": 23,
        "490-500": 5,
        "500-510": 3,
        "510-520": 3
      },
      "cumulative_depth": {
        "mean": 2711.4657895001187,
        "std": 1083.2932821952095,
        "min": 889.2554817199707,
        "max": 6599.8824462890625,
        "median": 2384.5581016540527
      }
    }
  }
}