{
  "greedy": {
    "mse": 0.023676342879879207,
    "mae": 0.08037723456750102,
    "r2": 0.6828054754267039
  },
  "top1": {
    "mse": 0.03389065657673116,
    "mae": 0.09735570329075859,
    "r2": 0.5459632108357126
  },
  "oracle": {
    "mse": 0.020400524613194037,
    "mae": 0.07404404946623049,
    "r2": 0.7266919668059427
  },
  "sequence_lengths": {
    "ground_truth": {
      "mean": 45.2456,
      "std": 3.1841609004571363,
      "min": 40,
      "max": 50,
      "median": 45.0,
      "histogram": {
        "40": 838,
        "41": 849,
        "42": 803,
        "43": 858,
        "44": 864,
        "45": 894,
        "46": 918,
        "47": 930,
        "48": 970,
        "49": 1037,
        "50": 1039
      }
    },
    "greedy": {
      "mean": 12.0426,
      "std": 3.1415577728254496,
      "min": 5,
      "max": 19,
      "median": 12.0,
      "histogram": {
        "5": 1,
        "6": 4,
        "7": 188,
        "8": 1787,
        "9": 1379,
        "10": 596,
        "11": 527,
        "12": 592,
        "13": 757,
        "14": 1128,
        "15": 1387,
        "16": 1132,
        "17": 439,
        "18": 77,
        "19": 6
      }
    },
    "oracle": {
      "mean": 12.3007,
      "std": 3.117287203643578,
      "min": 0,
      "max": 20,
      "median": 13.0,
      "histogram": {
        "0": 12,
        "2": 1,
        "3": 2,
        "5": 3,
        "6": 2,
        "7": 104,
        "8": 1280,
        "9": 1488,
        "10": 737,
        "11": 654,
        "12": 656,
        "13": 738,
        "14": 1032,
        "15": 1350,
        "16": 1237,
        "17": 591,
        "18": 103,
        "19": 9,
        "20": 1
      }
    }
  },
  "thickness_distribution": {
    "ground_truth": {
      "mean": 255.57351433067524,
      "std": 144.21723422222018,
      "min": 10.0,
      "max": 500.0,
      "median": 260.0,
      "p5": 30.0,
      "p25": 130.0,
      "p75": 380.0,
      "p95": 480.0,
      "n_values": 452456,
      "histogram": {
        "10-20": 8945,
        "20-30": 9051,
        "30-40": 8850,
        "40-50": 9077,
        "50-60": 9059,
        "60-70": 8960,
        "70-80": 9076,
        "80-90": 9017,
        "90-100": 9052,
        "100-110": 8834,
        "110-120": 8958,
        "120-130": 8877,
        "130-140": 9032,
        "140-150": 9001,
        "150-160": 9059,
        "160-170": 8988,
        "170-180": 9047,
        "180-190": 9049,
        "190-200": 9155,
        "200-210": 9025,
        "210-220": 9026,
        "220-230": 9042,
        "230-240": 9075,
        "240-250": 9066,
        "250-260": 9221,
        "260-270": 8904,
        "270-280": 9109,
        "280-290": 9158,
        "290-300": 8958,
        "300-310": 9167,
        "310-320": 9157,
        "320-330": 9131,
        "330-340": 9080,
        "340-350": 8934,
        "350-360": 9049,
        "360-370": 8965,
        "370-380": 9019,
        "380-390": 9046,
        "390-400": 9225,
        "400-410": 9164,
        "410-420": 9075,
        "420-430": 9211,
        "430-440": 8931,
        "440-450": 9190,
        "450-460": 9045,
        "460-470": 9187,
        "470-480": 9051,
        "480-490": 9025,
        "490-500": 9037,
        "500-510": 9096
      },
      "cumulative_depth": {
        "mean": 11563.577,
        "std": 1256.1531813720012,
        "min": 7280.0,
        "max": 16040.0,
        "median": 11540.0
      }
    },
    "greedy": {
      "mean": 217.74630170597587,
      "std": 92.73551063188839,
      "min": 10.03520393371582,
      "max": 533.5745849609375,
      "median": 214.48768615722656,
      "p5": 51.28234386444092,
      "p25": 160.13365173339844,
      "p75": 285.12174224853516,
      "p95": 364.50650787353516,
      "n_values": 120426,
      "histogram": {
        "10-20": 829,
        "20-30": 1349,
        "30-40": 1643,
        "40-50": 1946,
        "50-60": 1983,
        "60-70": 2038,
        "70-80": 1976,
        "80-90": 2038,
        "90-100": 2173,
        "100-110": 2273,
        "110-120": 2304,
        "120-130": 2278,
        "130-140": 2365,
        "140-150": 2409,
        "150-160": 2458,
        "160-170": 2376,
        "170-180": 2498,
        "180-190": 2672,
        "190-200": 15778,
        "200-210": 4575,
        "210-220": 4482,
        "220-230": 3893,
        "230-240": 4090,
        "240-250": 4187,
        "250-260": 4676,
        "260-270": 4543,
        "270-280": 4383,
        "280-290": 4115,
        "290-300": 3936,
        "300-310": 3730,
        "310-320": 3750,
        "320-330": 2983,
        "330-340": 2721,
        "340-350": 2252,
        "350-360": 1942,
        "360-370": 1574,
        "370-380": 1297,
        "380-390": 1024,
        "390-400": 836,
        "400-410": 603,
        "410-420": 465,
        "420-430": 323,
        "430-440": 248,
        "440-450": 169,
        "450-460": 111,
        "460-470": 70,
        "470-480": 32,
        "480-490": 17,
        "490-500": 9,
        "500-510": 3,
        "530-540": 1
      },
      "cumulative_depth": {
        "mean": 2622.231612924385,
        "std": 997.6874532462682,
        "min": 704.0277576446533,
        "max": 5985.708831787109,
        "median": 2508.6543521881104
      }
    },
    "oracle": {
      "mean": 217.6750531099953,
      "std": 95.44821032039758,
      "min": 10.011903762817383,
      "max": 533.5743408203125,
      "median": 216.72254943847656,
      "p5": 46.949306869506835,
      "p25": 156.39734649658203,
      "p75": 288.0692901611328,
      "p95": 367.2008422851562,
      "n_values": 123007,
      "histogram": {
        "10-20": 1168,
        "20-30": 1604,
        "30-40": 1913,
        "40-50": 2156,
        "50-60": 2119,
        "60-70": 2179,
        "70-80": 2107,
        "80-90": 2153,
        "90-100": 2234,
        "100-110": 2299,
        "110-120": 2324,
        "120-130": 2324,
        "130-140": 2391,
        "140-150": 2321,
        "150-160": 2343,
        "160-170": 2383,
        "170-180": 2464,
        "180-190": 2708,
        "190-200": 13199,
        "200-210": 5529,
        "210-220": 5123,
        "220-230": 4267,
        "230-240": 4322,
        "240-250": 4229,
        "250-260": 4482,
        "260-270": 4349,
        "270-280": 4270,
        "280-290": 4082,
        "290-300": 3996,
        "300-310": 3820,
        "310-320": 3813,
        "320-330": 3214,
        "330-340": 2850,
        "340-350": 2505,
        "350-360": 2212,
        "360-370": 1890,
        "370-380": 1464,
        "380-390": 1139,
        "390-400": 896,
        "400-410": 654,
        "410-420": 504,
        "420-430": 342,
        "430-440": 252,
        "440-450": 165,
        "450-460": 113,
        "460-470": 73,
        "470-480": 34,
        "480-490": 16,
        "490-500": 9,
        "500-510": 3,
        "530-540": 1
      },
      "cumulative_depth": {
        "mean": 2680.7724527333994,
        "std": 1017.4511822889413,
        "min": 180.1340446472168,
        "max": 5947.16780090332,
        "median": 2559.1952381134033
      }
    }
  }
}