{
  "greedy": {
    "mse": 0.016004403316658578,
    "mae": 0.0620378046017787,
    "r2": 0.7855196983726573
  },
  "top1": {
    "mse": 0.02771170776905784,
    "mae": 0.08148898877354391,
    "r2": 0.6286262397093092
  },
  "oracle": {
    "mse": 0.015622781478338205,
    "mae": 0.0611655364731843,
    "r2": 0.7906339388333022
  },
  "sequence_lengths": {
    "ground_truth": {
      "mean": 35.3608,
      "std": 3.163356344138295,
      "min": 30,
      "max": 40,
      "median": 36.0,
      "histogram": {
        "30": 769,
        "31": 808,
        "32": 791,
        "33": 820,
        "34": 856,
        "35": 899,
        "36": 945,
        "37": 970,
        "38": 978,
        "39": 1085,
        "40": 1079
      }
    },
    "greedy": {
      "mean": 13.97,
      "std": 4.061514495850039,
      "min": 8,
      "max": 25,
      "median": 12.0,
      "histogram": {
        "8": 3,
        "9": 84,
        "10": 1336,
        "11": 2950,
        "12": 1223,
        "13": 480,
        "14": 440,
        "15": 435,
        "16": 381,
        "17": 379,
        "18": 382,
        "19": 360,
        "20": 379,
        "21": 395,
        "22": 477,
        "23": 226,
        "24": 63,
        "25": 7
      }
    },
    "oracle": {
      "mean": 14.1037,
      "std": 4.016559013633436,
      "min": 0,
      "max": 26,
      "median": 12.0,
      "histogram": {
        "0": 2,
        "2": 1,
        "8": 1,
        "9": 80,
        "10": 1094,
        "11": 2785,
        "12": 1345,
        "13": 622,
        "14": 502,
        "15": 426,
        "16": 414,
        "17": 403,
        "18": 411,
        "19": 351,
        "20": 412,
        "21": 414,
        "22": 420,
        "23": 244,
        "24": 66,
        "25": 6,
        "26": 1
      }
    }
  },
  "thickness_distribution": {
    "ground_truth": {
      "mean": 255.39750231895206,
      "std": 144.52398685357247,
      "min": 10.0,
      "max": 500.0,
      "median": 260.0,
      "p5": 30.0,
      "p25": 130.0,
      "p75": 380.0,
      "p95": 480.0,
      "n_values": 353608,
      "histogram": {
        "10-20": 7256,
        "20-30": 7018,
        "30-40": 7171,
        "40-50": 7178,
        "50-60": 7067,
        "60-70": 6981,
        "70-80": 6857,
        "80-90": 7087,
        "90-100": 7109,
        "100-110": 7059,
        "110-120": 6993,
        "120-130": 6934,
        "130-140": 7054,
        "140-150": 7017,
        "150-160": 6969,
        "160-170": 7058,
        "170-180": 7029,
        "180-190": 7180,
        "190-200": 6951,
        "200-210": 7062,
        "210-220": 7010,
        "220-230": 7140,
        "230-240": 6988,
        "240-250": 7173,
        "250-260": 6971,
        "260-270": 7058,
        "270-280": 6913,
        "280-290": 7135,
        "290-300": 7205,
        "300-310": 7013,
        "310-320": 6866,
        "320-330": 7062,
        "330-340": 7064,
        "340-350": 7118,
        "350-360": 7229,
        "360-370": 7129,
        "370-380": 7077,
        "380-390": 6987,
        "390-400": 7128,
        "400-410": 7160,
        "410-420": 7055,
        "420-430": 7153,
        "430-440": 7183,
        "440-450": 7059,
        "450-460": 7164,
        "460-470": 7109,
        "470-480": 7089,
        "480-490": 7123,
        "490-500": 7072,
        "500-510": 7145
      },
      "cumulative_depth": {
        "mean": 9031.06,
        "std": 1163.346335533834,
        "min": 5450.0,
        "max": 13270.0,
        "median": 9030.0
      }
    },
    "greedy": {
      "mean": 218.14276154674457,
      "std": 87.84069035630574,
      "min": 10.003583908081055,
      "max": 522.7887573242188,
      "median": 207.97208404541016,
      "p5": 56.35253829956056,
      "p25": 182.47471237182617,
      "p75": 277.88970947265625,
      "p95": 361.4569900512695,
      "n_values": 139700,
      "histogram": {
        "10-20": 926,
        "20-30": 1164,
        "30-40": 1644,
        "40-50": 1943,
        "50-60": 2113,
        "60-70": 2070,
        "70-80": 2129,
        "80-90": 2293,
        "90-100": 2363,
        "100-110": 2335,
        "110-120": 2273,
        "120-130": 2311,
        "130-140": 2183,
        "140-150": 2206,
        "150-160": 2116,
        "160-170": 2096,
        "170-180": 2206,
        "180-190": 2265,
        "190-200": 29448,
        "200-210": 4514,
        "210-220": 3579,
        "220-230": 4197,
        "230-240": 5208,
        "240-250": 5409,
        "250-260": 6029,
        "260-270": 5626,
        "270-280": 5173,
        "280-290": 4819,
        "290-300": 4489,
        "300-310": 3856,
        "310-320": 3856,
        "320-330": 2920,
        "330-340": 2532,
        "340-350": 2227,
        "350-360": 1965,
        "360-370": 1594,
        "370-380": 1382,
        "380-390": 1077,
        "390-400": 884,
        "400-410": 653,
        "410-420": 560,
        "420-430": 354,
        "430-440": 294,
        "440-450": 174,
        "450-460": 112,
        "460-470": 63,
        "470-480": 34,
        "480-490": 22,
        "490-500": 10,
        "500-510": 2,
        "510-520": 1,
        "520-530": 1
      },
      "cumulative_depth": {
        "mean": 3047.4543788080214,
        "std": 1265.283527157201,
        "min": 1210.5054168701172,
        "max": 7568.637924194336,
        "median": 2471.1566314697266
      }
    },
    "oracle": {
      "mean": 217.76678789000812,
      "std": 91.20246158439564,
      "min": 10.015755653381348,
      "max": 522.7884521484375,
      "median": 209.5838623046875,
      "p5": 51.083805847167966,
      "p25": 174.79910278320312,
      "p75": 280.71612548828125,
      "p95": 365.35543212890616,
      "n_values": 141037,
      "histogram": {
        "10-20": 1282,
        "20-30": 1445,
        "30-40": 1842,
        "40-50": 2225,
        "50-60": 2289,
        "60-70": 2290,
        "70-80": 2387,
        "80-90": 2391,
        "90-100": 2434,
        "100-110": 2389,
        "110-120": 2373,
        "120-130": 2331,
        "130-140": 2152,
        "140-150": 2173,
        "150-160": 2149,
        "160-170": 2090,
        "170-180": 2123,
        "180-190": 2175,
        "190-200": 26508,
        "200-210": 5635,
        "210-220": 3715,
        "220-230": 4102,
        "230-240": 5098,
        "240-250": 5313,
        "250-260": 5900,
        "260-270": 5422,
        "270-280": 5192,
        "280-290": 4825,
        "290-300": 4306,
        "300-310": 3852,
        "310-320": 3978,
        "320-330": 3043,
        "330-340": 2871,
        "340-350": 2475,
        "350-360": 2161,
        "360-370": 1869,
        "370-380": 1552,
        "380-390": 1241,
        "390-400": 1024,
        "400-410": 741,
        "410-420": 578,
        "420-430": 409,
        "430-440": 279,
        "440-450": 173,
        "450-460": 107,
        "460-470": 59,
        "470-480": 31,
        "480-490": 23,
        "490-500": 11,
        "500-510": 2,
        "510-520": 1,
        "520-530": 1
      },
      "cumulative_depth": {
        "mean": 3071.931832730854,
        "std": 1292.699430952692,
        "min": 150.5614013671875,
        "max": 7642.209701538086,
        "median": 2473.285213470459
      }
    }
  }
}