{
  "greedy": {
    "mse": 0.01571837735845448,
    "mae": 0.06137635620329303,
    "r2": 0.7933044865283663
  },
  "top1": {
    "mse": 0.028838561526202833,
    "mae": 0.08228266987243923,
    "r2": 0.6207750236231828
  },
  "oracle": {
    "mse": 0.015327682516503694,
    "mae": 0.060526426863499516,
    "r2": 0.7984420951457277
  },
  "sequence_lengths": {
    "ground_truth": {
      "mean": 25.3297,
      "std": 3.148904239572871,
      "min": 20,
      "max": 30,
      "median": 25.0,
      "histogram": {
        "20": 752,
        "21": 810,
        "22": 814,
        "23": 814,
        "24": 928,
        "25": 910,
        "26": 912,
        "27": 974,
        "28": 985,
        "29": 1025,
        "30": 1076
      }
    },
    "greedy": {
      "mean": 13.4918,
      "std": 3.878960267906852,
      "min": 7,
      "max": 24,
      "median": 11.0,
      "histogram": {
        "7": 3,
        "8": 5,
        "9": 136,
        "10": 2600,
        "11": 2311,
        "12": 740,
        "13": 457,
        "14": 432,
        "15": 400,
        "16": 403,
        "17": 398,
        "18": 399,
        "19": 443,
        "20": 510,
        "21": 503,
        "22": 215,
        "23": 43,
        "24": 2
      }
    },
    "oracle": {
      "mean": 13.5793,
      "std": 3.85423293406094,
      "min": 0,
      "max": 25,
      "median": 12.0,
      "histogram": {
        "0": 1,
        "1": 1,
        "6": 1,
        "7": 1,
        "8": 4,
        "9": 120,
        "10": 2581,
        "11": 1974,
        "12": 883,
        "13": 542,
        "14": 488,
        "15": 450,
        "16": 421,
        "17": 453,
        "18": 398,
        "19": 417,
        "20": 503,
        "21": 483,
        "22": 229,
        "23": 47,
        "24": 2,
        "25": 1
      }
    }
  },
  "thickness_distribution": {
    "ground_truth": {
      "mean": 254.81332191064246,
      "std": 144.18355526905682,
      "min": 10.0,
      "max": 500.0,
      "median": 250.0,
      "p5": 30.0,
      "p25": 130.0,
      "p75": 380.0,
      "p95": 480.0,
      "n_values": 253297,
      "histogram": {
        "10-20": 4980,
        "20-30": 5171,
        "30-40": 5071,
        "40-50": 5014,
        "50-60": 5102,
        "60-70": 4987,
        "70-80": 5012,
        "80-90": 5125,
        "90-100": 5174,
        "100-110": 5039,
        "110-120": 4969,
        "120-130": 5177,
        "130-140": 5057,
        "140-150": 5043,
        "150-160": 5238,
        "160-170": 5044,
        "170-180": 4986,
        "180-190": 4972,
        "190-200": 5106,
        "200-210": 5060,
        "210-220": 5137,
        "220-230": 5240,
        "230-240": 4991,
        "240-250": 4986,
        "250-260": 5149,
        "260-270": 5239,
        "270-280": 4910,
        "280-290": 4966,
        "290-300": 5032,
        "300-310": 5053,
        "310-320": 5178,
        "320-330": 5103,
        "330-340": 5051,
        "340-350": 5110,
        "350-360": 5086,
        "360-370": 4985,
        "370-380": 5068,
        "380-390": 5058,
        "390-400": 5119,
        "400-410": 5023,
        "410-420": 5012,
        "420-430": 5059,
        "430-440": 5099,
        "440-450": 5044,
        "450-460": 5146,
        "460-470": 4907,
        "470-480": 5141,
        "480-490": 5140,
        "490-500": 4969,
        "500-510": 4969
      },
      "cumulative_depth": {
        "mean": 6454.345,
        "std": 1082.883055077971,
        "min": 3040.0,
        "max": 10210.0,
        "median": 6460.0
      }
    },
    "greedy": {
      "mean": 213.73564255032767,
      "std": 93.3208217911792,
      "min": 10.000740051269531,
      "max": 512.22314453125,
      "median": 204.15544891357422,
      "p5": 44.021843910217285,
      "p25": 163.18262100219727,
      "p75": 277.89379119873047,
      "p95": 364.79000396728514,
      "n_values": 134918,
      "histogram": {
        "10-20": 1334,
        "20-30": 1934,
        "30-40": 2431,
        "40-50": 2653,
        "50-60": 2553,
        "60-70": 2438,
        "70-80": 2270,
        "80-90": 2177,
        "90-100": 2153,
        "100-110": 2192,
        "110-120": 2196,
        "120-130": 2156,
        "130-140": 2086,
        "140-150": 2226,
        "150-160": 2201,
        "160-170": 2174,
        "170-180": 2018,
        "180-190": 2083,
        "190-200": 26780,
        "200-210": 3162,
        "210-220": 2905,
        "220-230": 3639,
        "230-240": 4931,
        "240-250": 5128,
        "250-260": 5723,
        "260-270": 5391,
        "270-280": 5324,
        "280-290": 4782,
        "290-300": 4071,
        "300-310": 3593,
        "310-320": 3667,
        "320-330": 2715,
        "330-340": 2417,
        "340-350": 2112,
        "350-360": 1803,
        "360-370": 1566,
        "370-380": 1353,
        "380-390": 1163,
        "390-400": 1018,
        "400-410": 717,
        "410-420": 525,
        "420-430": 421,
        "430-440": 267,
        "440-450": 203,
        "450-460": 135,
        "460-470": 62,
        "470-480": 31,
        "480-490": 24,
        "490-500": 11,
        "500-510": 3,
        "510-520": 1
      },
      "cumulative_depth": {
        "mean": 2883.678542160511,
        "std": 1208.04665293262,
        "min": 1013.0205879211426,
        "max": 7519.260284423828,
        "median": 2306.4462890625
      }
    },
    "oracle": {
      "mean": 213.277653034363,
      "std": 95.91139102759057,
      "min": 10.000740051269531,
      "max": 512.2233276367188,
      "median": 205.96742248535156,
      "p5": 40.714491271972655,
      "p25": 157.53805541992188,
      "p75": 280.20831298828125,
      "p95": 367.49896850585935,
      "n_values": 135793,
      "histogram": {
        "10-20": 1895,
        "20-30": 2162,
        "30-40": 2569,
        "40-50": 2720,
        "50-60": 2611,
        "60-70": 2592,
        "70-80": 2321,
        "80-90": 2389,
        "90-100": 2288,
        "100-110": 2161,
        "110-120": 2227,
        "120-130": 2188,
        "130-140": 2075,
        "140-150": 2078,
        "150-160": 2191,
        "160-170": 2137,
        "170-180": 2019,
        "180-190": 1976,
        "190-200": 24517,
        "200-210": 4248,
        "210-220": 3078,
        "220-230": 3550,
        "230-240": 4880,
        "240-250": 5091,
        "250-260": 5480,
        "260-270": 5174,
        "270-280": 5125,
        "280-290": 4662,
        "290-300": 4053,
        "300-310": 3681,
        "310-320": 3747,
        "320-330": 2930,
        "330-340": 2548,
        "340-350": 2281,
        "350-360": 2013,
        "360-370": 1751,
        "370-380": 1518,
        "380-390": 1298,
        "390-400": 1090,
        "400-410": 787,
        "410-420": 580,
        "420-430": 414,
        "430-440": 252,
        "440-450": 192,
        "450-460": 130,
        "460-470": 60,
        "470-480": 31,
        "480-490": 18,
        "490-500": 11,
        "500-510": 3,
        "510-520": 1
      },
      "cumulative_depth": {
        "mean": 2896.450878937419,
        "std": 1227.501861681962,
        "min": 168.33572387695312,
        "max": 7309.686126708984,
        "median": 2347.9735918045044
      }
    }
  }
}