{
  "greedy": {
    "mse": 0.016158861827842947,
    "mae": 0.06270486857619094,
    "r2": 0.7835179815931785
  },
  "top1": {
    "mse": 0.028480470708676275,
    "mae": 0.0829352880870298,
    "r2": 0.6184440556594801
  },
  "oracle": {
    "mse": 0.01581424568980427,
    "mae": 0.06176753187746394,
    "r2": 0.788134841241649
  },
  "sequence_lengths": {
    "ground_truth": {
      "mean": 45.2456,
      "std": 3.1841609004571363,
      "min": 40,
      "max": 50,
      "median": 45.0,
      "histogram": {
        "40": 838,
        "41": 849,
        "42": 803,
        "43": 858,
        "44": 864,
        "45": 894,
        "46": 918,
        "47": 930,
        "48": 970,
        "49": 1037,
        "50": 1039
      }
    },
    "greedy": {
      "mean": 15.1734,
      "std": 4.605858491095878,
      "min": 7,
      "max": 27,
      "median": 13.0,
      "histogram": {
        "7": 1,
        "8": 1,
        "9": 35,
        "10": 557,
        "11": 2210,
        "12": 1978,
        "13": 528,
        "14": 452,
        "15": 362,
        "16": 375,
        "17": 353,
        "18": 357,
        "19": 372,
        "20": 411,
        "21": 455,
        "22": 506,
        "23": 539,
        "24": 355,
        "25": 132,
        "26": 20,
        "27": 1
      }
    },
    "oracle": {
      "mean": 15.3014,
      "std": 4.585036318285821,
      "min": 0,
      "max": 27,
      "median": 13.0,
      "histogram": {
        "0": 2,
        "2": 2,
        "3": 3,
        "6": 1,
        "8": 3,
        "9": 23,
        "10": 463,
        "11": 2168,
        "12": 1698,
        "13": 744,
        "14": 502,
        "15": 444,
        "16": 365,
        "17": 405,
        "18": 383,
        "19": 365,
        "20": 420,
        "21": 401,
        "22": 516,
        "23": 572,
        "24": 362,
        "25": 131,
        "26": 25,
        "27": 2
      }
    }
  },
  "thickness_distribution": {
    "ground_truth": {
      "mean": 255.57351433067524,
      "std": 144.21723422222018,
      "min": 10.0,
      "max": 500.0,
      "median": 260.0,
      "p5": 30.0,
      "p25": 130.0,
      "p75": 380.0,
      "p95": 480.0,
      "n_values": 452456,
      "histogram": {
        "10-20": 8945,
        "20-30": 9051,
        "30-40": 8850,
        "40-50": 9077,
        "50-60": 9059,
        "60-70": 8960,
        "70-80": 9076,
        "80-90": 9017,
        "90-100": 9052,
        "100-110": 8834,
        "110-120": 8958,
        "120-130": 8877,
        "130-140": 9032,
        "140-150": 9001,
        "150-160": 9059,
        "160-170": 8988,
        "170-180": 9047,
        "180-190": 9049,
        "190-200": 9155,
        "200-210": 9025,
        "210-220": 9026,
        "220-230": 9042,
        "230-240": 9075,
        "240-250": 9066,
        "250-260": 9221,
        "260-270": 8904,
        "270-280": 9109,
        "280-290": 9158,
        "290-300": 8958,
        "300-310": 9167,
        "310-320": 9157,
        "320-330": 9131,
        "330-340": 9080,
        "340-350": 8934,
        "350-360": 9049,
        "360-370": 8965,
        "370-380": 9019,
        "380-390": 9046,
        "390-400": 9225,
        "400-410": 9164,
        "410-420": 9075,
        "420-430": 9211,
        "430-440": 8931,
        "440-450": 9190,
        "450-460": 9045,
        "460-470": 9187,
        "470-480": 9051,
        "480-490": 9025,
        "490-500": 9037,
        "500-510": 9096
      },
      "cumulative_depth": {
        "mean": 11563.577,
        "std": 1256.1531813720012,
        "min": 7280.0,
        "max": 16040.0,
        "median": 11540.0
      }
    },
    "greedy": {
      "mean": 218.85797570917543,
      "std": 88.8990407765296,
      "min": 10.030674934387207,
      "max": 533.0758056640625,
      "median": 212.52808380126953,
      "p5": 55.52854251861572,
      "p25": 176.2707748413086,
      "p75": 280.65958404541016,
      "p95": 361.91132202148435,
      "n_values": 151734,
      "histogram": {
        "10-20": 954,
        "20-30": 1341,
        "30-40": 1862,
        "40-50": 2143,
        "50-60": 2363,
        "60-70": 2365,
        "70-80": 2405,
        "80-90": 2434,
        "90-100": 2460,
        "100-110": 2478,
        "110-120": 2587,
        "120-130": 2563,
        "130-140": 2529,
        "140-150": 2607,
        "150-160": 2517,
        "160-170": 2625,
        "170-180": 2674,
        "180-190": 2737,
        "190-200": 27899,
        "200-210": 5148,
        "210-220": 4755,
        "220-230": 4607,
        "230-240": 5343,
        "240-250": 5568,
        "250-260": 6440,
        "260-270": 6166,
        "270-280": 5823,
        "280-290": 5478,
        "290-300": 4787,
        "300-310": 4405,
        "310-320": 4263,
        "320-330": 3501,
        "330-340": 3062,
        "340-350": 2669,
        "350-360": 2209,
        "360-370": 1850,
        "370-380": 1556,
        "380-390": 1258,
        "390-400": 989,
        "400-410": 719,
        "410-420": 504,
        "420-430": 392,
        "430-440": 269,
        "440-450": 175,
        "450-460": 112,
        "460-470": 79,
        "470-480": 24,
        "480-490": 18,
        "490-500": 15,
        "500-510": 5,
        "520-530": 1,
        "530-540": 1
      },
      "cumulative_depth": {
        "mean": 3320.8196086256025,
        "std": 1425.753864145243,
        "min": 916.7145118713379,
        "max": 8346.12435913086,
        "median": 2659.262706756592
      }
    },
    "oracle": {
      "mean": 218.8746814601137,
      "std": 92.02489543915664,
      "min": 10.009702682495117,
      "max": 533.0752563476562,
      "median": 214.08023071289062,
      "p5": 51.07445068359375,
      "p25": 170.2335968017578,
      "p75": 284.1167984008789,
      "p95": 365.34780883789074,
      "n_values": 153014,
      "histogram": {
        "10-20": 1232,
        "20-30": 1661,
        "30-40": 2071,
        "40-50": 2426,
        "50-60": 2555,
        "60-70": 2622,
        "70-80": 2521,
        "80-90": 2565,
        "90-100": 2645,
        "100-110": 2555,
        "110-120": 2632,
        "120-130": 2585,
        "130-140": 2598,
        "140-150": 2444,
        "150-160": 2534,
        "160-170": 2556,
        "170-180": 2602,
        "180-190": 2570,
        "190-200": 23623,
        "200-210": 6960,
        "210-220": 5317,
        "220-230": 4728,
        "230-240": 5342,
        "240-250": 5521,
        "250-260": 5928,
        "260-270": 5837,
        "270-280": 5816,
        "280-290": 5411,
        "290-300": 4877,
        "300-310": 4600,
        "310-320": 4398,
        "320-330": 3641,
        "330-340": 3317,
        "340-350": 2947,
        "350-360": 2507,
        "360-370": 2180,
        "370-380": 1807,
        "380-390": 1387,
        "390-400": 1085,
        "400-410": 776,
        "410-420": 518,
        "420-430": 406,
        "430-440": 282,
        "440-450": 176,
        "450-460": 110,
        "460-470": 82,
        "470-480": 22,
        "480-490": 17,
        "490-500": 14,
        "500-510": 6,
        "520-530": 1,
        "530-540": 1
      },
      "cumulative_depth": {
        "mean": 3349.7590026943226,
        "std": 1454.7736438219524,
        "min": 208.93663787841797,
        "max": 8229.780776977539,
        "median": 2738.5156993865967
      }
    }
  }
}