{
  "greedy": {
    "mse": 0.01600482210447996,
    "mae": 0.06207824817198285,
    "r2": 0.7895377590532084
  },
  "top1": {
    "mse": 0.02802266511279563,
    "mae": 0.08113796808014889,
    "r2": 0.631504001828949
  },
  "oracle": {
    "mse": 0.015536640834107949,
    "mae": 0.06094231933545767,
    "r2": 0.7956943085411423
  },
  "sequence_lengths": {
    "ground_truth": {
      "mean": 25.3297,
      "std": 3.148904239572871,
      "min": 20,
      "max": 30,
      "median": 25.0,
      "histogram": {
        "20": 752,
        "21": 810,
        "22": 814,
        "23": 814,
        "24": 928,
        "25": 910,
        "26": 912,
        "27": 974,
        "28": 985,
        "29": 1025,
        "30": 1076
      }
    },
    "greedy": {
      "mean": 11.84,
      "std": 3.3073252032420397,
      "min": 5,
      "max": 21,
      "median": 10.0,
      "histogram": {
        "5": 2,
        "6": 2,
        "7": 7,
        "8": 281,
        "9": 2860,
        "10": 2416,
        "11": 630,
        "12": 487,
        "13": 439,
        "14": 424,
        "15": 431,
        "16": 470,
        "17": 554,
        "18": 626,
        "19": 330,
        "20": 38,
        "21": 3
      }
    },
    "oracle": {
      "mean": 11.9414,
      "std": 3.2777684542993577,
      "min": 0,
      "max": 21,
      "median": 11.0,
      "histogram": {
        "0": 2,
        "6": 2,
        "7": 5,
        "8": 227,
        "9": 2916,
        "10": 1731,
        "11": 1134,
        "12": 574,
        "13": 505,
        "14": 466,
        "15": 427,
        "16": 498,
        "17": 527,
        "18": 590,
        "19": 328,
        "20": 66,
        "21": 2
      }
    }
  },
  "thickness_distribution": {
    "ground_truth": {
      "mean": 254.81332191064246,
      "std": 144.18355526905682,
      "min": 10.0,
      "max": 500.0,
      "median": 250.0,
      "p5": 30.0,
      "p25": 130.0,
      "p75": 380.0,
      "p95": 480.0,
      "n_values": 253297,
      "histogram": {
        "10-20": 4980,
        "20-30": 5171,
        "30-40": 5071,
        "40-50": 5014,
        "50-60": 5102,
        "60-70": 4987,
        "70-80": 5012,
        "80-90": 5125,
        "90-100": 5174,
        "100-110": 5039,
        "110-120": 4969,
        "120-130": 5177,
        "130-140": 5057,
        "140-150": 5043,
        "150-160": 5238,
        "160-170": 5044,
        "170-180": 4986,
        "180-190": 4972,
        "190-200": 5106,
        "200-210": 5060,
        "210-220": 5137,
        "220-230": 5240,
        "230-240": 4991,
        "240-250": 4986,
        "250-260": 5149,
        "260-270": 5239,
        "270-280": 4910,
        "280-290": 4966,
        "290-300": 5032,
        "300-310": 5053,
        "310-320": 5178,
        "320-330": 5103,
        "330-340": 5051,
        "340-350": 5110,
        "350-360": 5086,
        "360-370": 4985,
        "370-380": 5068,
        "380-390": 5058,
        "390-400": 5119,
        "400-410": 5023,
        "410-420": 5012,
        "420-430": 5059,
        "430-440": 5099,
        "440-450": 5044,
        "450-460": 5146,
        "460-470": 4907,
        "470-480": 5141,
        "480-490": 5140,
        "490-500": 4969,
        "500-510": 4969
      },
      "cumulative_depth": {
        "mean": 6454.345,
        "std": 1082.883055077971,
        "min": 3040.0,
        "max": 10210.0,
        "median": 6460.0
      }
    },
    "greedy": {
      "mean": 219.90164309628912,
      "std": 88.09735866835314,
      "min": 10.00070571899414,
      "max": 510.25616455078125,
      "median": 210.70745849609375,
      "p5": 54.604243469238284,
      "p25": 192.98311614990234,
      "p75": 278.0962600708008,
      "p95": 365.09187011718745,
      "n_values": 118400,
      "histogram": {
        "10-20": 754,
        "20-30": 1132,
        "30-40": 1484,
        "40-50": 1723,
        "50-60": 1816,
        "60-70": 1843,
        "70-80": 1737,
        "80-90": 1677,
        "90-100": 1710,
        "100-110": 1701,
        "110-120": 1720,
        "120-130": 1645,
        "130-140": 1588,
        "140-150": 1636,
        "150-160": 1679,
        "160-170": 1640,
        "170-180": 1715,
        "180-190": 1813,
        "190-200": 26753,
        "200-210": 3253,
        "210-220": 2902,
        "220-230": 3788,
        "230-240": 4415,
        "240-250": 5024,
        "250-260": 5253,
        "260-270": 4793,
        "270-280": 4423,
        "280-290": 4031,
        "290-300": 3557,
        "300-310": 3218,
        "310-320": 3180,
        "320-330": 2520,
        "330-340": 2128,
        "340-350": 1873,
        "350-360": 1627,
        "360-370": 1399,
        "370-380": 1234,
        "380-390": 969,
        "390-400": 830,
        "400-410": 667,
        "410-420": 505,
        "420-430": 354,
        "430-440": 245,
        "440-450": 203,
        "450-460": 129,
        "460-470": 53,
        "470-480": 27,
        "480-490": 21,
        "490-500": 9,
        "500-510": 3,
        "510-520": 1
      },
      "cumulative_depth": {
        "mean": 2603.6354542600634,
        "std": 1031.9004823843,
        "min": 876.3987197875977,
        "max": 6402.406311035156,
        "median": 2091.1625595092773
      }
    },
    "oracle": {
      "mean": 219.1997308420652,
      "std": 90.97043506190212,
      "min": 10.03022289276123,
      "max": 510.25616455078125,
      "median": 211.22093200683594,
      "p5": 50.33447532653809,
      "p25": 185.20893478393555,
      "p75": 280.60865020751953,
      "p95": 367.6516967773437,
      "n_values": 119414,
      "histogram": {
        "10-20": 959,
        "20-30": 1350,
        "30-40": 1759,
        "40-50": 1847,
        "50-60": 2032,
        "60-70": 2010,
        "70-80": 1863,
        "80-90": 1776,
        "90-100": 1740,
        "100-110": 1805,
        "110-120": 1711,
        "120-130": 1742,
        "130-140": 1626,
        "140-150": 1620,
        "150-160": 1718,
        "160-170": 1600,
        "170-180": 1700,
        "180-190": 1872,
        "190-200": 24627,
        "200-210": 3997,
        "210-220": 2912,
        "220-230": 3594,
        "230-240": 4433,
        "240-250": 4895,
        "250-260": 5013,
        "260-270": 4668,
        "270-280": 4424,
        "280-290": 4073,
        "290-300": 3715,
        "300-310": 3135,
        "310-320": 3305,
        "320-330": 2639,
        "330-340": 2330,
        "340-350": 2007,
        "350-360": 1731,
        "360-370": 1552,
        "370-380": 1350,
        "380-390": 1123,
        "390-400": 883,
        "400-410": 720,
        "410-420": 515,
        "420-430": 361,
        "430-440": 246,
        "440-450": 199,
        "450-460": 124,
        "460-470": 53,
        "470-480": 27,
        "480-490": 21,
        "490-500": 8,
        "500-510": 3,
        "510-520": 1
      },
      "cumulative_depth": {
        "mean": 2618.0752809336245,
        "std": 1052.2276034621682,
        "min": 1089.208683013916,
        "max": 6516.883316040039,
        "median": 2222.218063354492
      }
    }
  }
}