{
  "greedy": {
    "mse": 0.0012082352655866564,
    "mae": 0.015302730310399366,
    "r2": 0.9852949474668552
  },
  "top1": {
    "mse": 0.02797456526150762,
    "mae": 0.049716487105628364,
    "r2": 0.6595303386028732
  },
  "oracle": {
    "mse": 0.0009620081621696876,
    "mae": 0.013590509424168807,
    "r2": 0.9882917003294466
  },
  "sequence_lengths": {
    "ground_truth": {
      "mean": 13.5822,
      "std": 4.845682940515196,
      "min": 1,
      "max": 20,
      "median": 14.0,
      "histogram": {
        "1": 59,
        "2": 108,
        "3": 149,
        "4": 213,
        "5": 248,
        "6": 283,
        "7": 307,
        "8": 348,
        "9": 425,
        "10": 512,
        "11": 523,
        "12": 584,
        "13": 632,
        "14": 695,
        "15": 696,
        "16": 778,
        "17": 770,
        "18": 881,
        "19": 891,
        "20": 898
      }
    },
    "greedy": {
      "mean": 10.3164,
      "std": 2.66497486667323,
      "min": 1,
      "max": 23,
      "median": 11.0,
      "histogram": {
        "1": 64,
        "2": 101,
        "3": 142,
        "4": 196,
        "5": 206,
        "6": 220,
        "7": 270,
        "8": 280,
        "9": 315,
        "10": 2396,
        "11": 4256,
        "12": 481,
        "13": 311,
        "14": 282,
        "15": 186,
        "16": 138,
        "17": 65,
        "18": 41,
        "19": 23,
        "20": 14,
        "21": 11,
        "22": 1,
        "23": 1
      }
    },
    "oracle": {
      "mean": 10.2726,
      "std": 2.5756337550203057,
      "min": 1,
      "max": 27,
      "median": 11.0,
      "histogram": {
        "1": 23,
        "2": 96,
        "3": 146,
        "4": 195,
        "5": 244,
        "6": 231,
        "7": 256,
        "8": 324,
        "9": 315,
        "10": 2830,
        "11": 3620,
        "12": 628,
        "13": 403,
        "14": 272,
        "15": 170,
        "16": 113,
        "17": 65,
        "18": 38,
        "19": 18,
        "20": 6,
        "21": 4,
        "22": 1,
        "23": 1,
        "27": 1
      }
    }
  },
  "thickness_distribution": {
    "ground_truth": {
      "mean": 127.79174213308595,
      "std": 72.18200547098628,
      "min": 5.0,
      "max": 250.0,
      "median": 130.0,
      "p5": 15.0,
      "p25": 65.0,
      "p75": 190.0,
      "p95": 240.0,
      "n_values": 135822,
      "histogram": {
        "0-10": 2756,
        "10-20": 5314,
        "20-30": 5413,
        "30-40": 5361,
        "40-50": 5538,
        "50-60": 5368,
        "60-70": 5423,
        "70-80": 5421,
        "80-90": 5237,
        "90-100": 5485,
        "100-110": 5382,
        "110-120": 5493,
        "120-130": 5572,
        "130-140": 5428,
        "140-150": 5384,
        "150-160": 5526,
        "160-170": 5390,
        "170-180": 5424,
        "180-190": 5426,
        "190-200": 5395,
        "200-210": 5509,
        "210-220": 5327,
        "220-230": 5474,
        "230-240": 5592,
        "240-250": 5383,
        "250-260": 2801
      },
      "cumulative_depth": {
        "mean": 1735.693,
        "std": 674.5859394851037,
        "min": 5.0,
        "max": 3405.0,
        "median": 1800.0
      }
    },
    "greedy": {
      "mean": 171.27596365991806,
      "std": 77.27465463315329,
      "min": 10.00001335144043,
      "max": 495.02484130859375,
      "median": 195.1824493408203,
      "p5": 30.277513599395753,
      "p25": 116.3269100189209,
      "p75": 199.06639099121094,
      "p95": 293.5514770507811,
      "n_values": 103164,
      "histogram": {
        "10-20": 2744,
        "20-30": 2342,
        "30-40": 2413,
        "40-50": 2465,
        "50-60": 2448,
        "60-70": 2524,
        "70-80": 2425,
        "80-90": 2373,
        "90-100": 2282,
        "100-110": 2320,
        "110-120": 2289,
        "120-130": 2220,
        "130-140": 2133,
        "140-150": 2126,
        "150-160": 2023,
        "160-170": 2044,
        "170-180": 2070,
        "180-190": 2095,
        "190-200": 36765,
        "200-210": 2636,
        "210-220": 2307,
        "220-230": 2695,
        "230-240": 3871,
        "240-250": 2507,
        "250-260": 1739,
        "260-270": 1406,
        "270-280": 1217,
        "280-290": 1150,
        "290-300": 1076,
        "300-310": 993,
        "310-320": 688,
        "320-330": 503,
        "330-340": 452,
        "340-350": 357,
        "350-360": 294,
        "360-370": 264,
        "370-380": 233,
        "380-390": 173,
        "390-400": 134,
        "400-410": 111,
        "410-420": 77,
        "420-430": 61,
        "430-440": 48,
        "440-450": 30,
        "450-460": 26,
        "460-470": 6,
        "470-480": 3,
        "480-490": 5,
        "490-500": 1
      },
      "cumulative_depth": {
        "mean": 1766.9513515011788,
        "std": 554.047164291644,
        "min": 11.820076942443848,
        "max": 4513.212043762207,
        "median": 1856.769968032837
      }
    },
    "oracle": {
      "mean": 170.00550273488602,
      "std": 78.75561212285267,
      "min": 10.000020980834961,
      "max": 495.0257873535156,
      "median": 195.1751708984375,
      "p5": 29.27311944961548,
      "p25": 111.22602081298828,
      "p75": 202.4246063232422,
      "p95": 296.0066909790039,
      "n_values": 102726,
      "histogram": {
        "10-20": 2969,
        "20-30": 2356,
        "30-40": 2498,
        "40-50": 2598,
        "50-60": 2608,
        "60-70": 2627,
        "70-80": 2590,
        "80-90": 2455,
        "90-100": 2402,
        "100-110": 2291,
        "110-120": 2391,
        "120-130": 2283,
        "130-140": 2145,
        "140-150": 2179,
        "150-160": 2093,
        "160-170": 2017,
        "170-180": 2092,
        "180-190": 2110,
        "190-200": 31389,
        "200-210": 6187,
        "210-220": 2325,
        "220-230": 2698,
        "230-240": 3800,
        "240-250": 2385,
        "250-260": 1691,
        "260-270": 1348,
        "270-280": 1255,
        "280-290": 1153,
        "290-300": 1112,
        "300-310": 1030,
        "310-320": 687,
        "320-330": 553,
        "330-340": 507,
        "340-350": 390,
        "350-360": 317,
        "360-370": 283,
        "370-380": 250,
        "380-390": 179,
        "390-400": 143,
        "400-410": 102,
        "410-420": 74,
        "420-430": 58,
        "430-440": 37,
        "440-450": 35,
        "450-460": 20,
        "460-470": 4,
        "470-480": 6,
        "480-490": 3,
        "490-500": 1
      },
      "cumulative_depth": {
        "mean": 1746.3985273943902,
        "std": 545.9648471727497,
        "min": 10.353107452392578,
        "max": 5391.660430908203,
        "median": 1821.540765762329
      }
    }
  }
}