{
  "greedy": {
    "mse": 0.0162019675799718,
    "mae": 0.06342537587114877,
    "r2": 0.7828720743439566
  },
  "top1": {
    "mse": 0.030200380894182442,
    "mae": 0.08610577380125041,
    "r2": 0.595274708135933
  },
  "oracle": {
    "mse": 0.01570778182309582,
    "mae": 0.062197386715199345,
    "r2": 0.7894948211029296
  },
  "sequence_lengths": {
    "ground_truth": {
      "mean": 35.3608,
      "std": 3.163356344138295,
      "min": 30,
      "max": 40,
      "median": 36.0,
      "histogram": {
        "30": 769,
        "31": 808,
        "32": 791,
        "33": 820,
        "34": 856,
        "35": 899,
        "36": 945,
        "37": 970,
        "38": 978,
        "39": 1085,
        "40": 1079
      }
    },
    "greedy": {
      "mean": 15.4951,
      "std": 4.84299246231088,
      "min": 8,
      "max": 27,
      "median": 14.0,
      "histogram": {
        "8": 9,
        "9": 521,
        "10": 759,
        "11": 2017,
        "12": 840,
        "13": 509,
        "14": 434,
        "15": 430,
        "16": 409,
        "17": 400,
        "18": 416,
        "19": 423,
        "20": 457,
        "21": 622,
        "22": 737,
        "23": 611,
        "24": 312,
        "25": 81,
        "26": 12,
        "27": 1
      }
    },
    "oracle": {
      "mean": 15.687,
      "std": 4.752223795235237,
      "min": 0,
      "max": 26,
      "median": 15.0,
      "histogram": {
        "0": 3,
        "1": 1,
        "6": 1,
        "8": 6,
        "9": 384,
        "10": 599,
        "11": 1736,
        "12": 1066,
        "13": 684,
        "14": 499,
        "15": 483,
        "16": 437,
        "17": 422,
        "18": 416,
        "19": 419,
        "20": 454,
        "21": 590,
        "22": 712,
        "23": 629,
        "24": 346,
        "25": 100,
        "26": 13
      }
    }
  },
  "thickness_distribution": {
    "ground_truth": {
      "mean": 255.39750231895206,
      "std": 144.52398685357247,
      "min": 10.0,
      "max": 500.0,
      "median": 260.0,
      "p5": 30.0,
      "p25": 130.0,
      "p75": 380.0,
      "p95": 480.0,
      "n_values": 353608,
      "histogram": {
        "10-20": 7256,
        "20-30": 7018,
        "30-40": 7171,
        "40-50": 7178,
        "50-60": 7067,
        "60-70": 6981,
        "70-80": 6857,
        "80-90": 7087,
        "90-100": 7109,
        "100-110": 7059,
        "110-120": 6993,
        "120-130": 6934,
        "130-140": 7054,
        "140-150": 7017,
        "150-160": 6969,
        "160-170": 7058,
        "170-180": 7029,
        "180-190": 7180,
        "190-200": 6951,
        "200-210": 7062,
        "210-220": 7010,
        "220-230": 7140,
        "230-240": 6988,
        "240-250": 7173,
        "250-260": 6971,
        "260-270": 7058,
        "270-280": 6913,
        "280-290": 7135,
        "290-300": 7205,
        "300-310": 7013,
        "310-320": 6866,
        "320-330": 7062,
        "330-340": 7064,
        "340-350": 7118,
        "350-360": 7229,
        "360-370": 7129,
        "370-380": 7077,
        "380-390": 6987,
        "390-400": 7128,
        "400-410": 7160,
        "410-420": 7055,
        "420-430": 7153,
        "430-440": 7183,
        "440-450": 7059,
        "450-460": 7164,
        "460-470": 7109,
        "470-480": 7089,
        "480-490": 7123,
        "490-500": 7072,
        "500-510": 7145
      },
      "cumulative_depth": {
        "mean": 9031.06,
        "std": 1163.346335533834,
        "min": 5450.0,
        "max": 13270.0,
        "median": 9030.0
      }
    },
    "greedy": {
      "mean": 212.57428864359792,
      "std": 98.13500407439906,
      "min": 10.003583908081055,
      "max": 522.7887573242188,
      "median": 212.5426025390625,
      "p5": 42.11369323730469,
      "p25": 142.47715759277344,
      "p75": 284.5157470703125,
      "p95": 367.348388671875,
      "n_values": 154951,
      "histogram": {
        "10-20": 1482,
        "20-30": 2475,
        "30-40": 3140,
        "40-50": 3297,
        "50-60": 3402,
        "60-70": 3260,
        "70-80": 3102,
        "80-90": 3206,
        "90-100": 3083,
        "100-110": 3044,
        "110-120": 2937,
        "120-130": 2875,
        "130-140": 2772,
        "140-150": 2701,
        "150-160": 2589,
        "160-170": 2626,
        "170-180": 2716,
        "180-190": 2756,
        "190-200": 20397,
        "200-210": 4543,
        "210-220": 4732,
        "220-230": 4385,
        "230-240": 5397,
        "240-250": 5235,
        "250-260": 5871,
        "260-270": 5913,
        "270-280": 5820,
        "280-290": 5381,
        "290-300": 5101,
        "300-310": 4588,
        "310-320": 4519,
        "320-330": 3737,
        "330-340": 3161,
        "340-350": 2894,
        "350-360": 2476,
        "360-370": 2140,
        "370-380": 1821,
        "380-390": 1414,
        "390-400": 1230,
        "400-410": 880,
        "410-420": 635,
        "420-430": 419,
        "430-440": 316,
        "440-450": 207,
        "450-460": 131,
        "460-470": 62,
        "470-480": 35,
        "480-490": 28,
        "490-500": 13,
        "500-510": 4,
        "510-520": 2,
        "520-530": 1
      },
      "cumulative_depth": {
        "mean": 3293.8598599614143,
        "std": 1483.8995349085476,
        "min": 1073.0546369552612,
        "max": 8001.680892944336,
        "median": 2816.4762411117554
      }
    },
    "oracle": {
      "mean": 212.47274076400754,
      "std": 100.3884946626125,
      "min": 10.008391380310059,
      "max": 522.7884521484375,
      "median": 212.9375,
      "p5": 39.48943462371827,
      "p25": 138.20455169677734,
      "p75": 286.64280700683594,
      "p95": 370.3033752441406,
      "n_values": 156870,
      "histogram": {
        "10-20": 2028,
        "20-30": 2814,
        "30-40": 3208,
        "40-50": 3410,
        "50-60": 3510,
        "60-70": 3363,
        "70-80": 3239,
        "80-90": 3170,
        "90-100": 3281,
        "100-110": 3006,
        "110-120": 3113,
        "120-130": 2814,
        "130-140": 2747,
        "140-150": 2636,
        "150-160": 2670,
        "160-170": 2577,
        "170-180": 2614,
        "180-190": 2771,
        "190-200": 18304,
        "200-210": 5734,
        "210-220": 5198,
        "220-230": 4577,
        "230-240": 5275,
        "240-250": 5125,
        "250-260": 5509,
        "260-270": 5543,
        "270-280": 5782,
        "280-290": 5337,
        "290-300": 4757,
        "300-310": 4593,
        "310-320": 4557,
        "320-330": 3922,
        "330-340": 3416,
        "340-350": 3127,
        "350-360": 2769,
        "360-370": 2455,
        "370-380": 2121,
        "380-390": 1594,
        "390-400": 1366,
        "400-410": 942,
        "410-420": 683,
        "420-430": 422,
        "430-440": 334,
        "440-450": 197,
        "450-460": 123,
        "460-470": 65,
        "470-480": 33,
        "480-490": 22,
        "490-500": 12,
        "500-510": 3,
        "510-520": 1,
        "520-530": 1
      },
      "cumulative_depth": {
        "mean": 3334.060102395705,
        "std": 1497.361622827085,
        "min": 52.90589141845703,
        "max": 8024.380157470703,
        "median": 2864.9171447753906
      }
    }
  }
}