{
  "greedy": {
    "mse": 0.004654872870143069,
    "mae": 0.027148791879476757,
    "r2": 0.9304562622842515
  },
  "top1": {
    "mse": 0.026133395422491934,
    "mae": 0.06403995180217346,
    "r2": 0.6095674258816302
  },
  "oracle": {
    "mse": 0.003804842835711289,
    "mae": 0.024264675286595018,
    "r2": 0.9431556995007216
  },
  "sequence_lengths": {
    "ground_truth": {
      "mean": 20.0,
      "std": 0.0,
      "min": 20,
      "max": 20,
      "median": 20.0,
      "histogram": {
        "20": 7221
      }
    },
    "greedy": {
      "mean": 12.092923417809168,
      "std": 2.9558597438749477,
      "min": 4,
      "max": 20,
      "median": 11.0,
      "histogram": {
        "4": 1,
        "6": 2,
        "7": 5,
        "8": 7,
        "9": 982,
        "10": 2503,
        "11": 796,
        "12": 363,
        "13": 377,
        "14": 358,
        "15": 422,
        "16": 477,
        "17": 465,
        "18": 349,
        "19": 106,
        "20": 8
      }
    },
    "oracle": {
      "mean": 12.050823985597562,
      "std": 2.9758839491269367,
      "min": 4,
      "max": 21,
      "median": 10.0,
      "histogram": {
        "4": 1,
        "5": 1,
        "6": 1,
        "7": 4,
        "8": 6,
        "9": 1276,
        "10": 2350,
        "11": 516,
        "12": 437,
        "13": 416,
        "14": 386,
        "15": 438,
        "16": 507,
        "17": 465,
        "18": 309,
        "19": 98,
        "20": 9,
        "21": 1
      }
    }
  },
  "thickness_distribution": {
    "ground_truth": {
      "mean": 583.808994599086,
      "std": 138.43986024464294,
      "min": 30.0,
      "max": 750.0,
      "median": 615.0,
      "p5": 315.0,
      "p25": 495.0,
      "p75": 690.0,
      "p95": 750.0,
      "n_values": 144420,
      "histogram": {
        "30-40": 6,
        "40-50": 13,
        "60-70": 31,
        "70-80": 51,
        "90-100": 87,
        "100-110": 108,
        "120-130": 127,
        "130-140": 194,
        "150-160": 219,
        "160-170": 306,
        "180-190": 345,
        "190-200": 436,
        "210-220": 474,
        "220-230": 521,
        "240-250": 645,
        "250-260": 794,
        "270-280": 816,
        "280-290": 935,
        "300-310": 1027,
        "310-320": 1199,
        "330-340": 1361,
        "340-350": 1467,
        "360-370": 1659,
        "370-380": 1861,
        "390-400": 2050,
        "400-410": 2173,
        "420-430": 2319,
        "430-440": 2562,
        "450-460": 2678,
        "460-470": 2994,
        "480-490": 3288,
        "490-500": 3445,
        "510-520": 3875,
        "520-530": 3932,
        "540-550": 4385,
        "550-560": 4662,
        "570-580": 4793,
        "580-590": 5099,
        "600-610": 5490,
        "610-620": 5783,
        "630-640": 6075,
        "640-650": 6615,
        "660-670": 6959,
        "670-680": 7559,
        "690-700": 7755,
        "700-710": 8247,
        "720-730": 8650,
        "730-740": 9049,
        "750-760": 9301
      },
      "cumulative_depth": {
        "mean": 11676.17989198172,
        "std": 440.752839680287,
        "min": 11010.0,
        "max": 13455.0,
        "median": 11625.0
      }
    },
    "greedy": {
      "mean": 259.6278269133467,
      "std": 79.28230367601121,
      "min": 10.02188491821289,
      "max": 509.39215087890625,
      "median": 259.6896667480469,
      "p5": 125.97173767089843,
      "p25": 195.57781982421875,
      "p75": 315.3506164550781,
      "p95": 387.31574401855465,
      "n_values": 87323,
      "histogram": {
        "10-20": 254,
        "20-30": 293,
        "30-40": 347,
        "40-50": 411,
        "50-60": 404,
        "60-70": 433,
        "70-80": 358,
        "80-90": 438,
        "90-100": 408,
        "100-110": 406,
        "110-120": 392,
        "120-130": 405,
        "130-140": 422,
        "140-150": 454,
        "150-160": 453,
        "160-170": 497,
        "170-180": 613,
        "180-190": 649,
        "190-200": 19609,
        "200-210": 969,
        "210-220": 1706,
        "220-230": 2400,
        "230-240": 3208,
        "240-250": 4098,
        "250-260": 4141,
        "260-270": 3797,
        "270-280": 4149,
        "280-290": 4440,
        "290-300": 4013,
        "300-310": 3561,
        "310-320": 3633,
        "320-330": 2884,
        "330-340": 2401,
        "340-350": 2354,
        "350-360": 2261,
        "360-370": 2251,
        "370-380": 2089,
        "380-390": 1795,
        "390-400": 1516,
        "400-410": 1003,
        "410-420": 575,
        "420-430": 283,
        "430-440": 208,
        "440-450": 134,
        "450-460": 80,
        "460-470": 56,
        "470-480": 36,
        "480-490": 23,
        "490-500": 8,
        "500-510": 5
      },
      "cumulative_depth": {
        "mean": 3139.659427995316,
        "std": 998.391003136448,
        "min": 695.5604782104492,
        "max": 5996.3310546875,
        "median": 2767.6065406799316
      }
    },
    "oracle": {
      "mean": 259.79674343663936,
      "std": 81.92386712041251,
      "min": 10.065864562988281,
      "max": 509.39239501953125,
      "median": 260.5264587402344,
      "p5": 108.81120910644532,
      "p25": 195.62060546875,
      "p75": 318.1469421386719,
      "p95": 388.23480224609364,
      "n_values": 87019,
      "histogram": {
        "10-20": 306,
        "20-30": 321,
        "30-40": 426,
        "40-50": 481,
        "50-60": 508,
        "60-70": 509,
        "70-80": 471,
        "80-90": 459,
        "90-100": 449,
        "100-110": 467,
        "110-120": 452,
        "120-130": 451,
        "130-140": 443,
        "140-150": 459,
        "150-160": 516,
        "160-170": 519,
        "170-180": 621,
        "180-190": 664,
        "190-200": 18320,
        "200-210": 1028,
        "210-220": 1667,
        "220-230": 2495,
        "230-240": 3254,
        "240-250": 3900,
        "250-260": 4136,
        "260-270": 3622,
        "270-280": 3875,
        "280-290": 4217,
        "290-300": 3804,
        "300-310": 3453,
        "310-320": 3550,
        "320-330": 2915,
        "330-340": 2643,
        "340-350": 2550,
        "350-360": 2474,
        "360-370": 2429,
        "370-380": 2228,
        "380-390": 1896,
        "390-400": 1647,
        "400-410": 1034,
        "410-420": 583,
        "420-430": 269,
        "430-440": 189,
        "440-450": 120,
        "450-460": 84,
        "460-470": 55,
        "470-480": 26,
        "480-490": 22,
        "490-500": 7,
        "500-510": 5
      },
      "cumulative_depth": {
        "mean": 3130.76482718639,
        "std": 1032.4078419511977,
        "min": 695.5599212646484,
        "max": 6172.854644775391,
        "median": 2816.209930419922
      }
    }
  }
}