{
  "greedy": {
    "mse": 0.004730530680463498,
    "mae": 0.030822798446825648,
    "r2": 0.9424261945109732
  },
  "top1": {
    "mse": 0.01665156433295881,
    "mae": 0.04828494848292651,
    "r2": 0.7973390321823567
  },
  "oracle": {
    "mse": 0.0037262645029551237,
    "mae": 0.02704760895738213,
    "r2": 0.9546488032347391
  },
  "sequence_lengths": {
    "ground_truth": {
      "mean": 13.5822,
      "std": 4.845682940515196,
      "min": 1,
      "max": 20,
      "median": 14.0,
      "histogram": {
        "1": 59,
        "2": 108,
        "3": 149,
        "4": 213,
        "5": 248,
        "6": 283,
        "7": 307,
        "8": 348,
        "9": 425,
        "10": 512,
        "11": 523,
        "12": 584,
        "13": 632,
        "14": 695,
        "15": 696,
        "16": 778,
        "17": 770,
        "18": 881,
        "19": 891,
        "20": 898
      }
    },
    "greedy": {
      "mean": 8.8106,
      "std": 2.322052462800959,
      "min": 1,
      "max": 18,
      "median": 10.0,
      "histogram": {
        "1": 89,
        "2": 144,
        "3": 260,
        "4": 317,
        "5": 368,
        "6": 388,
        "7": 434,
        "8": 453,
        "9": 2244,
        "10": 4390,
        "11": 524,
        "12": 197,
        "13": 116,
        "14": 40,
        "15": 23,
        "16": 8,
        "17": 4,
        "18": 1
      }
    },
    "oracle": {
      "mean": 8.9098,
      "std": 2.295269910054153,
      "min": 1,
      "max": 19,
      "median": 10.0,
      "histogram": {
        "1": 44,
        "2": 129,
        "3": 247,
        "4": 337,
        "5": 374,
        "6": 413,
        "7": 433,
        "8": 476,
        "9": 1896,
        "10": 4515,
        "11": 700,
        "12": 219,
        "13": 128,
        "14": 50,
        "15": 24,
        "16": 4,
        "17": 9,
        "18": 1,
        "19": 1
      }
    }
  },
  "thickness_distribution": {
    "ground_truth": {
      "mean": 127.79174213308595,
      "std": 72.18200547098628,
      "min": 5.0,
      "max": 250.0,
      "median": 130.0,
      "p5": 15.0,
      "p25": 65.0,
      "p75": 190.0,
      "p95": 240.0,
      "n_values": 135822,
      "histogram": {
        "0-10": 2756,
        "10-20": 5314,
        "20-30": 5413,
        "30-40": 5361,
        "40-50": 5538,
        "50-60": 5368,
        "60-70": 5423,
        "70-80": 5421,
        "80-90": 5237,
        "90-100": 5485,
        "100-110": 5382,
        "110-120": 5493,
        "120-130": 5572,
        "130-140": 5428,
        "140-150": 5384,
        "150-160": 5526,
        "160-170": 5390,
        "170-180": 5424,
        "180-190": 5426,
        "190-200": 5395,
        "200-210": 5509,
        "210-220": 5327,
        "220-230": 5474,
        "230-240": 5592,
        "240-250": 5383,
        "250-260": 2801
      },
      "cumulative_depth": {
        "mean": 1735.693,
        "std": 674.5859394851037,
        "min": 5.0,
        "max": 3405.0,
        "median": 1800.0
      }
    },
    "greedy": {
      "mean": 182.77414374234274,
      "std": 70.25253043687222,
      "min": 10.001142501831055,
      "max": 459.2748718261719,
      "median": 195.0691146850586,
      "p5": 45.141510009765625,
      "p25": 149.21569442749023,
      "p75": 213.11459350585938,
      "p95": 292.11805725097656,
      "n_values": 88106,
      "histogram": {
        "10-20": 1000,
        "20-30": 1140,
        "30-40": 1438,
        "40-50": 1615,
        "50-60": 1557,
        "60-70": 1711,
        "70-80": 1732,
        "80-90": 1665,
        "90-100": 1705,
        "100-110": 1790,
        "110-120": 1733,
        "120-130": 1640,
        "130-140": 1751,
        "140-150": 1681,
        "150-160": 1658,
        "160-170": 1661,
        "170-180": 1727,
        "180-190": 1692,
        "190-200": 34508,
        "200-210": 2026,
        "210-220": 2199,
        "220-230": 2764,
        "230-240": 3144,
        "240-250": 2995,
        "250-260": 2371,
        "260-270": 1673,
        "270-280": 1631,
        "280-290": 1261,
        "290-300": 917,
        "300-310": 763,
        "310-320": 773,
        "320-330": 519,
        "330-340": 415,
        "340-350": 309,
        "350-360": 241,
        "360-370": 190,
        "370-380": 139,
        "380-390": 121,
        "390-400": 100,
        "400-410": 65,
        "410-420": 37,
        "420-430": 26,
        "430-440": 10,
        "440-450": 10,
        "450-460": 3
      },
      "cumulative_depth": {
        "mean": 1610.3498708562852,
        "std": 522.074157423997,
        "min": 16.406352996826172,
        "max": 4398.268840789795,
        "median": 1752.9448127746582
      }
    },
    "oracle": {
      "mean": 180.79002345832538,
      "std": 72.17123743904536,
      "min": 10.005815505981445,
      "max": 459.2747802734375,
      "median": 194.9891815185547,
      "p5": 42.01798896789551,
      "p25": 141.17568969726562,
      "p75": 213.10180282592773,
      "p95": 293.58240509033186,
      "n_values": 89098,
      "histogram": {
        "10-20": 1222,
        "20-30": 1317,
        "30-40": 1549,
        "40-50": 1737,
        "50-60": 1736,
        "60-70": 1855,
        "70-80": 1846,
        "80-90": 1780,
        "90-100": 1813,
        "100-110": 1895,
        "110-120": 1769,
        "120-130": 1731,
        "130-140": 1803,
        "140-150": 1735,
        "150-160": 1671,
        "160-170": 1779,
        "170-180": 1765,
        "180-190": 1755,
        "190-200": 33261,
        "200-210": 2148,
        "210-220": 2245,
        "220-230": 2707,
        "230-240": 3276,
        "240-250": 2923,
        "250-260": 2317,
        "260-270": 1684,
        "270-280": 1653,
        "280-290": 1302,
        "290-300": 944,
        "300-310": 804,
        "310-320": 779,
        "320-330": 537,
        "330-340": 450,
        "340-350": 328,
        "350-360": 266,
        "360-370": 198,
        "370-380": 146,
        "380-390": 126,
        "390-400": 94,
        "400-410": 67,
        "410-420": 33,
        "420-430": 29,
        "430-440": 10,
        "440-450": 10,
        "450-460": 3
      },
      "cumulative_depth": {
        "mean": 1610.8029510089875,
        "std": 520.9248241557992,
        "min": 10.625505447387695,
        "max": 3996.2438049316406,
        "median": 1740.1765213012695
      }
    }
  }
}