{
  "greedy": {
    "mse": 0.004873904441858785,
    "mae": 0.027808384916741605,
    "r2": 0.9346831947364991
  },
  "top1": {
    "mse": 0.02416371763130706,
    "mae": 0.05861222956541714,
    "r2": 0.6761740288932737
  },
  "oracle": {
    "mse": 0.004055180067759889,
    "mae": 0.025179346150604305,
    "r2": 0.9456551908323242
  },
  "sequence_lengths": {
    "ground_truth": {
      "mean": 35.3608,
      "std": 3.163356344138295,
      "min": 30,
      "max": 40,
      "median": 36.0,
      "histogram": {
        "30": 769,
        "31": 808,
        "32": 791,
        "33": 820,
        "34": 856,
        "35": 899,
        "36": 945,
        "37": 970,
        "38": 978,
        "39": 1085,
        "40": 1079
      }
    },
    "greedy": {
      "mean": 10.9652,
      "std": 2.286698266059604,
      "min": 6,
      "max": 20,
      "median": 10.0,
      "histogram": {
        "6": 1,
        "8": 8,
        "9": 2035,
        "10": 4650,
        "11": 934,
        "12": 480,
        "13": 418,
        "14": 374,
        "15": 306,
        "16": 309,
        "17": 257,
        "18": 178,
        "19": 44,
        "20": 6
      }
    },
    "oracle": {
      "mean": 11.0346,
      "std": 2.315556701961755,
      "min": 5,
      "max": 20,
      "median": 10.0,
      "histogram": {
        "5": 1,
        "7": 2,
        "8": 6,
        "9": 1946,
        "10": 4613,
        "11": 841,
        "12": 591,
        "13": 464,
        "14": 386,
        "15": 339,
        "16": 320,
        "17": 250,
        "18": 184,
        "19": 51,
        "20": 6
      }
    }
  },
  "thickness_distribution": {
    "ground_truth": {
      "mean": 255.39750231895206,
      "std": 144.52398685357247,
      "min": 10.0,
      "max": 500.0,
      "median": 260.0,
      "p5": 30.0,
      "p25": 130.0,
      "p75": 380.0,
      "p95": 480.0,
      "n_values": 353608,
      "histogram": {
        "10-20": 7256,
        "20-30": 7018,
        "30-40": 7171,
        "40-50": 7178,
        "50-60": 7067,
        "60-70": 6981,
        "70-80": 6857,
        "80-90": 7087,
        "90-100": 7109,
        "100-110": 7059,
        "110-120": 6993,
        "120-130": 6934,
        "130-140": 7054,
        "140-150": 7017,
        "150-160": 6969,
        "160-170": 7058,
        "170-180": 7029,
        "180-190": 7180,
        "190-200": 6951,
        "200-210": 7062,
        "210-220": 7010,
        "220-230": 7140,
        "230-240": 6988,
        "240-250": 7173,
        "250-260": 6971,
        "260-270": 7058,
        "270-280": 6913,
        "280-290": 7135,
        "290-300": 7205,
        "300-310": 7013,
        "310-320": 6866,
        "320-330": 7062,
        "330-340": 7064,
        "340-350": 7118,
        "350-360": 7229,
        "360-370": 7129,
        "370-380": 7077,
        "380-390": 6987,
        "390-400": 7128,
        "400-410": 7160,
        "410-420": 7055,
        "420-430": 7153,
        "430-440": 7183,
        "440-450": 7059,
        "450-460": 7164,
        "460-470": 7109,
        "470-480": 7089,
        "480-490": 7123,
        "490-500": 7072,
        "500-510": 7145
      },
      "cumulative_depth": {
        "mean": 9031.06,
        "std": 1163.346335533834,
        "min": 5450.0,
        "max": 13270.0,
        "median": 9030.0
      }
    },
    "greedy": {
      "mean": 221.06523973703585,
      "std": 81.41174085521455,
      "min": 10.002901077270508,
      "max": 522.7887573242188,
      "median": 197.17928314208984,
      "p5": 63.032759284973146,
      "p25": 194.64149475097656,
      "p75": 267.4115447998047,
      "p95": 366.4061996459961,
      "n_values": 109652,
      "histogram": {
        "10-20": 832,
        "20-30": 884,
        "30-40": 1128,
        "40-50": 1147,
        "50-60": 1140,
        "60-70": 1179,
        "70-80": 1166,
        "80-90": 1204,
        "90-100": 1115,
        "100-110": 1170,
        "110-120": 1162,
        "120-130": 1145,
        "130-140": 1146,
        "140-150": 1068,
        "150-160": 1130,
        "160-170": 1167,
        "170-180": 1225,
        "180-190": 1362,
        "190-200": 35028,
        "200-210": 1783,
        "210-220": 2532,
        "220-230": 3858,
        "230-240": 4966,
        "240-250": 5314,
        "250-260": 5316,
        "260-270": 4159,
        "270-280": 3825,
        "280-290": 3358,
        "290-300": 2743,
        "300-310": 2187,
        "310-320": 2432,
        "320-330": 1653,
        "330-340": 1491,
        "340-350": 1303,
        "350-360": 1154,
        "360-370": 1049,
        "370-380": 1014,
        "380-390": 883,
        "390-400": 847,
        "400-410": 719,
        "410-420": 565,
        "420-430": 374,
        "430-440": 301,
        "440-450": 182,
        "450-460": 109,
        "460-470": 66,
        "470-480": 34,
        "480-490": 23,
        "490-500": 10,
        "500-510": 2,
        "510-520": 1,
        "520-530": 1
      },
      "cumulative_depth": {
        "mean": 2424.0245667645454,
        "std": 721.9894669476857,
        "min": 1240.5046997070312,
        "max": 5734.325836181641,
        "median": 2165.3475303649902
      }
    },
    "oracle": {
      "mean": 219.61879745042316,
      "std": 84.02263446769922,
      "min": 10.006353378295898,
      "max": 522.7884521484375,
      "median": 197.14730834960938,
      "p5": 56.68522548675537,
      "p25": 194.58366775512695,
      "p75": 268.5678482055664,
      "p95": 367.3677749633789,
      "n_values": 110346,
      "histogram": {
        "10-20": 957,
        "20-30": 1044,
        "30-40": 1288,
        "40-50": 1337,
        "50-60": 1355,
        "60-70": 1360,
        "70-80": 1291,
        "80-90": 1292,
        "90-100": 1279,
        "100-110": 1275,
        "110-120": 1233,
        "120-130": 1184,
        "130-140": 1168,
        "140-150": 1159,
        "150-160": 1121,
        "160-170": 1223,
        "170-180": 1207,
        "180-190": 1360,
        "190-200": 33669,
        "200-210": 1782,
        "210-220": 2492,
        "220-230": 3778,
        "230-240": 5081,
        "240-250": 5129,
        "250-260": 5173,
        "260-270": 4125,
        "270-280": 3772,
        "280-290": 3359,
        "290-300": 2733,
        "300-310": 2197,
        "310-320": 2456,
        "320-330": 1827,
        "330-340": 1554,
        "340-350": 1460,
        "350-360": 1277,
        "360-370": 1107,
        "370-380": 1081,
        "380-390": 952,
        "390-400": 873,
        "400-410": 727,
        "410-420": 550,
        "420-430": 370,
        "430-440": 286,
        "440-450": 171,
        "450-460": 109,
        "460-470": 58,
        "470-480": 31,
        "480-490": 20,
        "490-500": 10,
        "500-510": 2,
        "510-520": 1,
        "520-530": 1
      },
      "cumulative_depth": {
        "mean": 2423.4055823464396,
        "std": 746.4044858570027,
        "min": 1014.3580627441406,
        "max": 5700.013977050781,
        "median": 2131.9602909088135
      }
    }
  }
}