{
  "greedy": {
    "mse": 0.0048397752706640105,
    "mae": 0.027973359368752098,
    "r2": 0.9351610076012002
  },
  "top1": {
    "mse": 0.02414187392510779,
    "mae": 0.05871705567754781,
    "r2": 0.6765687056977574
  },
  "oracle": {
    "mse": 0.003961399959423318,
    "mae": 0.02516476257725742,
    "r2": 0.946928696583382
  },
  "sequence_lengths": {
    "ground_truth": {
      "mean": 45.2456,
      "std": 3.1841609004571363,
      "min": 40,
      "max": 50,
      "median": 45.0,
      "histogram": {
        "40": 838,
        "41": 849,
        "42": 803,
        "43": 858,
        "44": 864,
        "45": 894,
        "46": 918,
        "47": 930,
        "48": 970,
        "49": 1037,
        "50": 1039
      }
    },
    "greedy": {
      "mean": 10.9875,
      "std": 2.291450141286081,
      "min": 9,
      "max": 21,
      "median": 10.0,
      "histogram": {
        "9": 2062,
        "10": 4577,
        "11": 915,
        "12": 487,
        "13": 441,
        "14": 389,
        "15": 354,
        "16": 285,
        "17": 287,
        "18": 157,
        "19": 38,
        "20": 6,
        "21": 2
      }
    },
    "oracle": {
      "mean": 11.0567,
      "std": 2.295100239640962,
      "min": 8,
      "max": 21,
      "median": 10.0,
      "histogram": {
        "8": 4,
        "9": 1923,
        "10": 4532,
        "11": 895,
        "12": 563,
        "13": 488,
        "14": 469,
        "15": 356,
        "16": 295,
        "17": 273,
        "18": 148,
        "19": 49,
        "20": 4,
        "21": 1
      }
    }
  },
  "thickness_distribution": {
    "ground_truth": {
      "mean": 255.57351433067524,
      "std": 144.21723422222018,
      "min": 10.0,
      "max": 500.0,
      "median": 260.0,
      "p5": 30.0,
      "p25": 130.0,
      "p75": 380.0,
      "p95": 480.0,
      "n_values": 452456,
      "histogram": {
        "10-20": 8945,
        "20-30": 9051,
        "30-40": 8850,
        "40-50": 9077,
        "50-60": 9059,
        "60-70": 8960,
        "70-80": 9076,
        "80-90": 9017,
        "90-100": 9052,
        "100-110": 8834,
        "110-120": 8958,
        "120-130": 8877,
        "130-140": 9032,
        "140-150": 9001,
        "150-160": 9059,
        "160-170": 8988,
        "170-180": 9047,
        "180-190": 9049,
        "190-200": 9155,
        "200-210": 9025,
        "210-220": 9026,
        "220-230": 9042,
        "230-240": 9075,
        "240-250": 9066,
        "250-260": 9221,
        "260-270": 8904,
        "270-280": 9109,
        "280-290": 9158,
        "290-300": 8958,
        "300-310": 9167,
        "310-320": 9157,
        "320-330": 9131,
        "330-340": 9080,
        "340-350": 8934,
        "350-360": 9049,
        "360-370": 8965,
        "370-380": 9019,
        "380-390": 9046,
        "390-400": 9225,
        "400-410": 9164,
        "410-420": 9075,
        "420-430": 9211,
        "430-440": 8931,
        "440-450": 9190,
        "450-460": 9045,
        "460-470": 9187,
        "470-480": 9051,
        "480-490": 9025,
        "490-500": 9037,
        "500-510": 9096
      },
      "cumulative_depth": {
        "mean": 11563.577,
        "std": 1256.1531813720012,
        "min": 7280.0,
        "max": 16040.0,
        "median": 11540.0
      }
    },
    "greedy": {
      "mean": 221.26062826447819,
      "std": 81.23818764671896,
      "min": 10.009410858154297,
      "max": 533.0758056640625,
      "median": 197.8909454345703,
      "p5": 63.453333663940434,
      "p25": 194.64149475097656,
      "p75": 267.3214416503906,
      "p95": 366.3322418212891,
      "n_values": 109875,
      "histogram": {
        "10-20": 749,
        "20-30": 891,
        "30-40": 1059,
        "40-50": 1192,
        "50-60": 1175,
        "60-70": 1161,
        "70-80": 1195,
        "80-90": 1186,
        "90-100": 1138,
        "100-110": 1190,
        "110-120": 1187,
        "120-130": 1065,
        "130-140": 1147,
        "140-150": 1160,
        "150-160": 1198,
        "160-170": 1195,
        "170-180": 1281,
        "180-190": 1322,
        "190-200": 34816,
        "200-210": 1694,
        "210-220": 2495,
        "220-230": 3824,
        "230-240": 4976,
        "240-250": 5388,
        "250-260": 5452,
        "260-270": 4396,
        "270-280": 3882,
        "280-290": 3391,
        "290-300": 2729,
        "300-310": 2224,
        "310-320": 2321,
        "320-330": 1706,
        "330-340": 1468,
        "340-350": 1289,
        "350-360": 1148,
        "360-370": 1089,
        "370-380": 969,
        "380-390": 899,
        "390-400": 854,
        "400-410": 704,
        "410-420": 524,
        "420-430": 407,
        "430-440": 275,
        "440-450": 189,
        "450-460": 132,
        "460-470": 77,
        "470-480": 26,
        "480-490": 20,
        "490-500": 13,
        "500-510": 5,
        "520-530": 1,
        "530-540": 1
      },
      "cumulative_depth": {
        "mean": 2431.101153055954,
        "std": 719.4035095282959,
        "min": 1240.4124374389648,
        "max": 5712.389129638672,
        "median": 2172.4640884399414
      }
    },
    "oracle": {
      "mean": 219.7715222719509,
      "std": 83.68622845740876,
      "min": 10.006789207458496,
      "max": 533.0752563476562,
      "median": 197.97036743164062,
      "p5": 57.767679595947264,
      "p25": 194.5667266845703,
      "p75": 268.6643981933594,
      "p95": 367.20392150878905,
      "n_values": 110567,
      "histogram": {
        "10-20": 893,
        "20-30": 1003,
        "30-40": 1236,
        "40-50": 1351,
        "50-60": 1362,
        "60-70": 1328,
        "70-80": 1349,
        "80-90": 1369,
        "90-100": 1233,
        "100-110": 1304,
        "110-120": 1197,
        "120-130": 1097,
        "130-140": 1185,
        "140-150": 1197,
        "150-160": 1248,
        "160-170": 1275,
        "170-180": 1294,
        "180-190": 1337,
        "190-200": 33460,
        "200-210": 1794,
        "210-220": 2472,
        "220-230": 3782,
        "230-240": 5063,
        "240-250": 5230,
        "250-260": 5191,
        "260-270": 4236,
        "270-280": 3928,
        "280-290": 3437,
        "290-300": 2646,
        "300-310": 2334,
        "310-320": 2420,
        "320-330": 1784,
        "330-340": 1598,
        "340-350": 1367,
        "350-360": 1241,
        "360-370": 1130,
        "370-380": 1040,
        "380-390": 927,
        "390-400": 900,
        "400-410": 730,
        "410-420": 523,
        "420-430": 398,
        "430-440": 258,
        "440-450": 166,
        "450-460": 122,
        "460-470": 73,
        "470-480": 23,
        "480-490": 16,
        "490-500": 13,
        "500-510": 5,
        "520-530": 1,
        "530-540": 1
      },
      "cumulative_depth": {
        "mean": 2429.9477903042794,
        "std": 742.8462687094814,
        "min": 1256.5687294006348,
        "max": 5662.122802734375,
        "median": 2140.3130950927734
      }
    }
  }
}