{
  "greedy": {
    "mse": 0.019778997760485542,
    "mae": 0.0656101366547207,
    "r2": 0.7024907943742854
  },
  "top1": {
    "mse": 0.035358119840731145,
    "mae": 0.09194579688048328,
    "r2": 0.4681547430451548
  },
  "oracle": {
    "mse": 0.017503253510907136,
    "mae": 0.060881508099269135,
    "r2": 0.7367217939475792
  },
  "sequence_lengths": {
    "ground_truth": {
      "mean": 20.0,
      "std": 0.0,
      "min": 20,
      "max": 20,
      "median": 20.0,
      "histogram": {
        "20": 10000
      }
    },
    "greedy": {
      "mean": 13.7668,
      "std": 3.6774743724463943,
      "min": 6,
      "max": 21,
      "median": 15.0,
      "histogram": {
        "6": 1,
        "7": 11,
        "8": 617,
        "9": 1459,
        "10": 1027,
        "11": 505,
        "12": 431,
        "13": 377,
        "14": 391,
        "15": 512,
        "16": 1073,
        "17": 1899,
        "18": 1294,
        "19": 344,
        "20": 52,
        "21": 7
      }
    },
    "oracle": {
      "mean": 13.9673,
      "std": 3.608327965969834,
      "min": 0,
      "max": 21,
      "median": 15.0,
      "histogram": {
        "0": 11,
        "6": 1,
        "7": 5,
        "8": 307,
        "9": 1313,
        "10": 1192,
        "11": 563,
        "12": 502,
        "13": 486,
        "14": 412,
        "15": 509,
        "16": 928,
        "17": 1782,
        "18": 1497,
        "19": 432,
        "20": 55,
        "21": 5
      }
    }
  },
  "thickness_distribution": {
    "ground_truth": {
      "mean": 756.693,
      "std": 195.92491355363666,
      "min": 20.0,
      "max": 1000.0,
      "median": 800.0,
      "p5": 380.0,
      "p25": 640.0,
      "p75": 920.0,
      "p95": 1000.0,
      "n_values": 200000,
      "histogram": {
        "20-30": 8,
        "40-50": 18,
        "60-70": 42,
        "80-90": 76,
        "100-110": 95,
        "120-130": 165,
        "140-150": 248,
        "160-170": 303,
        "180-190": 408,
        "200-210": 442,
        "220-230": 544,
        "240-250": 676,
        "260-270": 789,
        "280-290": 909,
        "300-310": 1099,
        "320-330": 1201,
        "340-350": 1330,
        "360-370": 1502,
        "380-390": 1735,
        "400-410": 1886,
        "420-430": 2025,
        "440-450": 2317,
        "460-470": 2505,
        "480-490": 2809,
        "500-510": 2947,
        "520-530": 3218,
        "540-550": 3353,
        "560-570": 3649,
        "580-590": 3951,
        "600-610": 4195,
        "620-630": 4369,
        "640-650": 4809,
        "660-670": 5162,
        "680-690": 5328,
        "700-710": 5848,
        "720-730": 5923,
        "740-750": 6241,
        "760-770": 6654,
        "780-790": 7120,
        "800-810": 7368,
        "820-830": 7884,
        "840-850": 8363,
        "860-870": 8461,
        "880-890": 9082,
        "900-910": 9395,
        "920-930": 9843,
        "940-950": 10215,
        "960-970": 10675,
        "980-990": 11008,
        "1000-1010": 11807
      },
      "cumulative_depth": {
        "mean": 15133.86,
        "std": 880.5654889898876,
        "min": 11220.0,
        "max": 17920.0,
        "median": 15160.0
      }
    },
    "greedy": {
      "mean": 277.6232713971364,
      "std": 90.45203765126698,
      "min": 10.027881622314453,
      "max": 503.05426025390625,
      "median": 296.32704162597656,
      "p5": 97.55071144104005,
      "p25": 205.59449768066406,
      "p75": 348.0170440673828,
      "p95": 396.77459716796875,
      "n_values": 137668,
      "histogram": {
        "10-20": 191,
        "20-30": 442,
        "30-40": 674,
        "40-50": 759,
        "50-60": 913,
        "60-70": 940,
        "70-80": 1005,
        "80-90": 1117,
        "90-100": 1119,
        "100-110": 1154,
        "110-120": 1234,
        "120-130": 1171,
        "130-140": 1243,
        "140-150": 1225,
        "150-160": 1211,
        "160-170": 1344,
        "170-180": 1294,
        "180-190": 1389,
        "190-200": 14206,
        "200-210": 3542,
        "210-220": 2508,
        "220-230": 2668,
        "230-240": 3022,
        "240-250": 3424,
        "250-260": 4324,
        "260-270": 3916,
        "270-280": 4301,
        "280-290": 4937,
        "290-300": 5690,
        "300-310": 6430,
        "310-320": 7204,
        "320-330": 6785,
        "330-340": 6626,
        "340-350": 6517,
        "350-360": 6441,
        "360-370": 6260,
        "370-380": 5740,
        "380-390": 4988,
        "390-400": 3894,
        "400-410": 2419,
        "410-420": 1454,
        "420-430": 869,
        "430-440": 547,
        "440-450": 312,
        "450-460": 113,
        "460-470": 68,
        "470-480": 20,
        "480-490": 8,
        "490-500": 7,
        "500-510": 3
      },
      "cumulative_depth": {
        "mean": 3821.9840526700973,
        "std": 1373.319220651932,
        "min": 1362.1148538589478,
        "max": 7154.620819091797,
        "median": 4018.02738571167
      }
    },
    "oracle": {
      "mean": 277.8879776564347,
      "std": 93.90556860494532,
      "min": 10.037063598632812,
      "max": 500.4190673828125,
      "median": 298.637939453125,
      "p5": 87.34872741699219,
      "p25": 205.89862060546875,
      "p75": 351.96197509765625,
      "p95": 398.1403625488281,
      "n_values": 139673,
      "histogram": {
        "10-20": 444,
        "20-30": 754,
        "30-40": 870,
        "40-50": 929,
        "50-60": 1061,
        "60-70": 1057,
        "70-80": 1074,
        "80-90": 1130,
        "90-100": 1104,
        "100-110": 1223,
        "110-120": 1271,
        "120-130": 1169,
        "130-140": 1258,
        "140-150": 1265,
        "150-160": 1291,
        "160-170": 1299,
        "170-180": 1355,
        "180-190": 1364,
        "190-200": 12424,
        "200-210": 3789,
        "210-220": 3314,
        "220-230": 2674,
        "230-240": 3235,
        "240-250": 3296,
        "250-260": 4034,
        "260-270": 3806,
        "270-280": 4175,
        "280-290": 4654,
        "290-300": 5308,
        "300-310": 5946,
        "310-320": 6898,
        "320-330": 6544,
        "330-340": 6647,
        "340-350": 6723,
        "350-360": 6890,
        "360-370": 6928,
        "370-380": 6299,
        "380-390": 5532,
        "390-400": 4327,
        "400-410": 2704,
        "410-420": 1527,
        "420-430": 950,
        "430-440": 576,
        "440-450": 302,
        "450-460": 137,
        "460-470": 73,
        "470-480": 23,
        "480-490": 9,
        "490-500": 9,
        "500-510": 2
      },
      "cumulative_depth": {
        "mean": 3885.6189311449803,
        "std": 1391.2525366886298,
        "min": 1197.9084587097168,
        "max": 7178.891372680664,
        "median": 4074.0518188476562
      }
    }
  }
}