{
  "greedy": {
    "mse": 0.004842754367218123,
    "mae": 0.027492554440957842,
    "r2": 0.9271568750713001
  },
  "top1": {
    "mse": 0.025220667881666357,
    "mae": 0.0604039399178934,
    "r2": 0.6206389748516593
  },
  "oracle": {
    "mse": 0.0038683189861732936,
    "mae": 0.02425146821983838,
    "r2": 0.9418140128928841
  },
  "sequence_lengths": {
    "ground_truth": {
      "mean": 20.0,
      "std": 0.0,
      "min": 20,
      "max": 20,
      "median": 20.0,
      "histogram": {
        "20": 10000
      }
    },
    "greedy": {
      "mean": 12.3536,
      "std": 3.0414416055548394,
      "min": 6,
      "max": 20,
      "median": 11.0,
      "histogram": {
        "6": 4,
        "7": 6,
        "8": 6,
        "9": 1217,
        "10": 3279,
        "11": 1087,
        "12": 461,
        "13": 491,
        "14": 556,
        "15": 654,
        "16": 771,
        "17": 746,
        "18": 544,
        "19": 157,
        "20": 21
      }
    },
    "oracle": {
      "mean": 12.2937,
      "std": 3.0517929664379264,
      "min": 0,
      "max": 21,
      "median": 11.0,
      "histogram": {
        "0": 1,
        "6": 4,
        "7": 5,
        "8": 8,
        "9": 1580,
        "10": 3145,
        "11": 686,
        "12": 559,
        "13": 512,
        "14": 645,
        "15": 694,
        "16": 779,
        "17": 737,
        "18": 473,
        "19": 154,
        "20": 17,
        "21": 1
      }
    }
  },
  "thickness_distribution": {
    "ground_truth": {
      "mean": 756.693,
      "std": 195.92491355363666,
      "min": 20.0,
      "max": 1000.0,
      "median": 800.0,
      "p5": 380.0,
      "p25": 640.0,
      "p75": 920.0,
      "p95": 1000.0,
      "n_values": 200000,
      "histogram": {
        "20-30": 8,
        "40-50": 18,
        "60-70": 42,
        "80-90": 76,
        "100-110": 95,
        "120-130": 165,
        "140-150": 248,
        "160-170": 303,
        "180-190": 408,
        "200-210": 442,
        "220-230": 544,
        "240-250": 676,
        "260-270": 789,
        "280-290": 909,
        "300-310": 1099,
        "320-330": 1201,
        "340-350": 1330,
        "360-370": 1502,
        "380-390": 1735,
        "400-410": 1886,
        "420-430": 2025,
        "440-450": 2317,
        "460-470": 2505,
        "480-490": 2809,
        "500-510": 2947,
        "520-530": 3218,
        "540-550": 3353,
        "560-570": 3649,
        "580-590": 3951,
        "600-610": 4195,
        "620-630": 4369,
        "640-650": 4809,
        "660-670": 5162,
        "680-690": 5328,
        "700-710": 5848,
        "720-730": 5923,
        "740-750": 6241,
        "760-770": 6654,
        "780-790": 7120,
        "800-810": 7368,
        "820-830": 7884,
        "840-850": 8363,
        "860-870": 8461,
        "880-890": 9082,
        "900-910": 9395,
        "920-930": 9843,
        "940-950": 10215,
        "960-970": 10675,
        "980-990": 11008,
        "1000-1010": 11807
      },
      "cumulative_depth": {
        "mean": 15133.86,
        "std": 880.5654889898876,
        "min": 11220.0,
        "max": 17920.0,
        "median": 15160.0
      }
    },
    "greedy": {
      "mean": 265.3390942352483,
      "std": 80.00547588151585,
      "min": 10.00145435333252,
      "max": 503.41363525390625,
      "median": 267.6719970703125,
      "p5": 133.30008697509766,
      "p25": 195.918212890625,
      "p75": 320.8682403564453,
      "p95": 392.58192443847656,
      "n_values": 123536,
      "histogram": {
        "10-20": 271,
        "20-30": 328,
        "30-40": 417,
        "40-50": 554,
        "50-60": 530,
        "60-70": 506,
        "70-80": 530,
        "80-90": 544,
        "90-100": 540,
        "100-110": 562,
        "110-120": 607,
        "120-130": 589,
        "130-140": 597,
        "140-150": 641,
        "150-160": 647,
        "160-170": 722,
        "170-180": 826,
        "180-190": 884,
        "190-200": 25576,
        "200-210": 1299,
        "210-220": 2423,
        "220-230": 3170,
        "230-240": 4211,
        "240-250": 5270,
        "250-260": 5539,
        "260-270": 5317,
        "270-280": 5846,
        "280-290": 6346,
        "290-300": 6036,
        "300-310": 5698,
        "310-320": 5236,
        "320-330": 4017,
        "330-340": 3578,
        "340-350": 3403,
        "350-360": 3397,
        "360-370": 3501,
        "370-380": 3440,
        "380-390": 2999,
        "390-400": 2736,
        "400-410": 1744,
        "410-420": 1046,
        "420-430": 615,
        "430-440": 386,
        "440-450": 218,
        "450-460": 103,
        "460-470": 55,
        "470-480": 18,
        "480-490": 10,
        "490-500": 6,
        "500-510": 2
      },
      "cumulative_depth": {
        "mean": 3277.8930345445633,
        "std": 1027.1255645241472,
        "min": 1213.943271636963,
        "max": 6203.5709228515625,
        "median": 2961.0036125183105
      }
    },
    "oracle": {
      "mean": 266.76682227680897,
      "std": 82.02492240149145,
      "min": 10.031224250793457,
      "max": 503.41375732421875,
      "median": 269.7451477050781,
      "p5": 123.81285705566407,
      "p25": 195.88421630859375,
      "p75": 326.48895263671875,
      "p95": 393.2726318359375,
      "n_values": 122937,
      "histogram": {
        "10-20": 304,
        "20-30": 353,
        "30-40": 493,
        "40-50": 567,
        "50-60": 584,
        "60-70": 619,
        "70-80": 604,
        "80-90": 584,
        "90-100": 608,
        "100-110": 569,
        "110-120": 629,
        "120-130": 638,
        "130-140": 637,
        "140-150": 685,
        "150-160": 692,
        "160-170": 744,
        "170-180": 803,
        "180-190": 916,
        "190-200": 23677,
        "200-210": 1467,
        "210-220": 2394,
        "220-230": 3203,
        "230-240": 4385,
        "240-250": 5029,
        "250-260": 5374,
        "260-270": 5059,
        "270-280": 5465,
        "280-290": 5908,
        "290-300": 5767,
        "300-310": 5372,
        "310-320": 5298,
        "320-330": 4159,
        "330-340": 3909,
        "340-350": 3640,
        "350-360": 3828,
        "360-370": 3854,
        "370-380": 3695,
        "380-390": 3223,
        "390-400": 2931,
        "400-410": 1819,
        "410-420": 1073,
        "420-430": 615,
        "430-440": 365,
        "440-450": 202,
        "450-460": 109,
        "460-470": 51,
        "470-480": 17,
        "480-490": 11,
        "490-500": 7,
        "500-510": 2
      },
      "cumulative_depth": {
        "mean": 3279.8792709515014,
        "std": 1064.5063035381431,
        "min": 1375.8615112304688,
        "max": 6198.538360595703,
        "median": 3029.11856842041
      }
    }
  }
}