{
  "greedy": {
    "mse": 0.01592079280086981,
    "mae": 0.06148708101155203,
    "r2": 0.7906427382543231
  },
  "top1": {
    "mse": 0.028884146419281966,
    "mae": 0.08190672211112955,
    "r2": 0.620175585610806
  },
  "oracle": {
    "mse": 0.015648872924007524,
    "mae": 0.060888989167133964,
    "r2": 0.7942184647615482
  },
  "sequence_lengths": {
    "ground_truth": {
      "mean": 25.3297,
      "std": 3.148904239572871,
      "min": 20,
      "max": 30,
      "median": 25.0,
      "histogram": {
        "20": 752,
        "21": 810,
        "22": 814,
        "23": 814,
        "24": 928,
        "25": 910,
        "26": 912,
        "27": 974,
        "28": 985,
        "29": 1025,
        "30": 1076
      }
    },
    "greedy": {
      "mean": 12.7401,
      "std": 3.3806437242040164,
      "min": 5,
      "max": 23,
      "median": 11.0,
      "histogram": {
        "5": 1,
        "6": 3,
        "7": 3,
        "8": 4,
        "9": 141,
        "10": 2851,
        "11": 2778,
        "12": 888,
        "13": 432,
        "14": 371,
        "15": 386,
        "16": 364,
        "17": 326,
        "18": 371,
        "19": 376,
        "20": 358,
        "21": 256,
        "22": 85,
        "23": 6
      }
    },
    "oracle": {
      "mean": 12.8429,
      "std": 3.3190690848489433,
      "min": 0,
      "max": 23,
      "median": 11.0,
      "histogram": {
        "0": 4,
        "6": 3,
        "7": 1,
        "8": 6,
        "9": 126,
        "10": 2407,
        "11": 2897,
        "12": 1028,
        "13": 497,
        "14": 445,
        "15": 417,
        "16": 392,
        "17": 362,
        "18": 385,
        "19": 353,
        "20": 357,
        "21": 243,
        "22": 74,
        "23": 3
      }
    }
  },
  "thickness_distribution": {
    "ground_truth": {
      "mean": 254.81332191064246,
      "std": 144.18355526905682,
      "min": 10.0,
      "max": 500.0,
      "median": 250.0,
      "p5": 30.0,
      "p25": 130.0,
      "p75": 380.0,
      "p95": 480.0,
      "n_values": 253297,
      "histogram": {
        "10-20": 4980,
        "20-30": 5171,
        "30-40": 5071,
        "40-50": 5014,
        "50-60": 5102,
        "60-70": 4987,
        "70-80": 5012,
        "80-90": 5125,
        "90-100": 5174,
        "100-110": 5039,
        "110-120": 4969,
        "120-130": 5177,
        "130-140": 5057,
        "140-150": 5043,
        "150-160": 5238,
        "160-170": 5044,
        "170-180": 4986,
        "180-190": 4972,
        "190-200": 5106,
        "200-210": 5060,
        "210-220": 5137,
        "220-230": 5240,
        "230-240": 4991,
        "240-250": 4986,
        "250-260": 5149,
        "260-270": 5239,
        "270-280": 4910,
        "280-290": 4966,
        "290-300": 5032,
        "300-310": 5053,
        "310-320": 5178,
        "320-330": 5103,
        "330-340": 5051,
        "340-350": 5110,
        "350-360": 5086,
        "360-370": 4985,
        "370-380": 5068,
        "380-390": 5058,
        "390-400": 5119,
        "400-410": 5023,
        "410-420": 5012,
        "420-430": 5059,
        "430-440": 5099,
        "440-450": 5044,
        "450-460": 5146,
        "460-470": 4907,
        "470-480": 5141,
        "480-490": 5140,
        "490-500": 4969,
        "500-510": 4969
      },
      "cumulative_depth": {
        "mean": 6454.345,
        "std": 1082.883055077971,
        "min": 3040.0,
        "max": 10210.0,
        "median": 6460.0
      }
    },
    "greedy": {
      "mean": 218.03333379277618,
      "std": 85.65667032441934,
      "min": 10.000740051269531,
      "max": 512.22314453125,
      "median": 202.10321044921875,
      "p5": 55.396507263183594,
      "p25": 194.31007385253906,
      "p75": 273.07763671875,
      "p95": 360.1694030761719,
      "n_values": 127401,
      "histogram": {
        "10-20": 808,
        "20-30": 1172,
        "30-40": 1542,
        "40-50": 1826,
        "50-60": 1918,
        "60-70": 1890,
        "70-80": 1791,
        "80-90": 1808,
        "90-100": 1823,
        "100-110": 1666,
        "110-120": 1678,
        "120-130": 1660,
        "130-140": 1664,
        "140-150": 1619,
        "150-160": 1677,
        "160-170": 1610,
        "170-180": 1675,
        "180-190": 1820,
        "190-200": 33348,
        "200-210": 2747,
        "210-220": 2946,
        "220-230": 4043,
        "230-240": 4901,
        "240-250": 5314,
        "250-260": 5843,
        "260-270": 5228,
        "270-280": 4760,
        "280-290": 4354,
        "290-300": 3708,
        "300-310": 3151,
        "310-320": 3243,
        "320-330": 2375,
        "330-340": 2018,
        "340-350": 1821,
        "350-360": 1564,
        "360-370": 1219,
        "370-380": 1182,
        "380-390": 967,
        "390-400": 794,
        "400-410": 686,
        "410-420": 478,
        "420-430": 352,
        "430-440": 257,
        "440-450": 204,
        "450-460": 127,
        "460-470": 56,
        "470-480": 31,
        "480-490": 20,
        "490-500": 12,
        "500-510": 4,
        "510-520": 1
      },
      "cumulative_depth": {
        "mean": 2777.766475853348,
        "std": 1052.5322467303931,
        "min": 868.9883041381836,
        "max": 6996.267799377441,
        "median": 2294.39066696167
      }
    },
    "oracle": {
      "mean": 217.16240868913974,
      "std": 88.31326389162047,
      "min": 10.018376350402832,
      "max": 512.2233276367188,
      "median": 202.0219268798828,
      "p5": 51.49800109863281,
      "p25": 193.30014038085938,
      "p75": 275.08367919921875,
      "p95": 362.3588623046872,
      "n_values": 128429,
      "histogram": {
        "10-20": 1063,
        "20-30": 1315,
        "30-40": 1760,
        "40-50": 1973,
        "50-60": 2061,
        "60-70": 2118,
        "70-80": 1958,
        "80-90": 1904,
        "90-100": 1919,
        "100-110": 1734,
        "110-120": 1837,
        "120-130": 1720,
        "130-140": 1672,
        "140-150": 1689,
        "150-160": 1595,
        "160-170": 1542,
        "170-180": 1708,
        "180-190": 1850,
        "190-200": 31819,
        "200-210": 3213,
        "210-220": 2697,
        "220-230": 3890,
        "230-240": 4990,
        "240-250": 5363,
        "250-260": 5497,
        "260-270": 4972,
        "270-280": 4701,
        "280-290": 4209,
        "290-300": 3688,
        "300-310": 3246,
        "310-320": 3400,
        "320-330": 2638,
        "330-340": 2176,
        "340-350": 2025,
        "350-360": 1694,
        "360-370": 1392,
        "370-380": 1247,
        "380-390": 1063,
        "390-400": 835,
        "400-410": 731,
        "410-420": 499,
        "420-430": 348,
        "430-440": 248,
        "440-450": 194,
        "450-460": 117,
        "460-470": 53,
        "470-480": 32,
        "480-490": 19,
        "490-500": 10,
        "500-510": 4,
        "510-520": 1
      },
      "cumulative_depth": {
        "mean": 2790.111143010957,
        "std": 1066.8489385458497,
        "min": 809.0450592041016,
        "max": 6799.839294433594,
        "median": 2308.101650238037
      }
    }
  }
}