{
  "greedy": {
    "mse": 0.0011696025487178473,
    "mae": 0.012790425251602738,
    "r2": 0.9843307082406062
  },
  "top1": {
    "mse": 0.03570161239693424,
    "mae": 0.06044493404951524,
    "r2": 0.5217016399788079
  },
  "oracle": {
    "mse": 0.0009437794056500023,
    "mae": 0.01156826465638725,
    "r2": 0.9873560852959421
  },
  "sequence_lengths": {
    "ground_truth": {
      "mean": 45.2456,
      "std": 3.1841609004571363,
      "min": 40,
      "max": 50,
      "median": 45.0,
      "histogram": {
        "40": 838,
        "41": 849,
        "42": 803,
        "43": 858,
        "44": 864,
        "45": 894,
        "46": 918,
        "47": 930,
        "48": 970,
        "49": 1037,
        "50": 1039
      }
    },
    "greedy": {
      "mean": 12.8109,
      "std": 3.934328556437553,
      "min": 6,
      "max": 32,
      "median": 11.0,
      "histogram": {
        "6": 1,
        "7": 1,
        "8": 2,
        "9": 13,
        "10": 2786,
        "11": 3741,
        "12": 424,
        "13": 378,
        "14": 339,
        "15": 354,
        "16": 311,
        "17": 264,
        "18": 268,
        "19": 228,
        "20": 181,
        "21": 166,
        "22": 140,
        "23": 103,
        "24": 88,
        "25": 83,
        "26": 42,
        "27": 38,
        "28": 26,
        "29": 9,
        "30": 10,
        "31": 3,
        "32": 1
      }
    },
    "oracle": {
      "mean": 12.7805,
      "std": 3.8535593611620933,
      "min": 8,
      "max": 31,
      "median": 11.0,
      "histogram": {
        "8": 5,
        "9": 11,
        "10": 3031,
        "11": 3222,
        "12": 599,
        "13": 446,
        "14": 391,
        "15": 364,
        "16": 346,
        "17": 257,
        "18": 260,
        "19": 215,
        "20": 199,
        "21": 158,
        "22": 121,
        "23": 95,
        "24": 84,
        "25": 71,
        "26": 50,
        "27": 39,
        "28": 17,
        "29": 12,
        "30": 6,
        "31": 1
      }
    }
  },
  "thickness_distribution": {
    "ground_truth": {
      "mean": 255.57351433067524,
      "std": 144.21723422222018,
      "min": 10.0,
      "max": 500.0,
      "median": 260.0,
      "p5": 30.0,
      "p25": 130.0,
      "p75": 380.0,
      "p95": 480.0,
      "n_values": 452456,
      "histogram": {
        "10-20": 8945,
        "20-30": 9051,
        "30-40": 8850,
        "40-50": 9077,
        "50-60": 9059,
        "60-70": 8960,
        "70-80": 9076,
        "80-90": 9017,
        "90-100": 9052,
        "100-110": 8834,
        "110-120": 8958,
        "120-130": 8877,
        "130-140": 9032,
        "140-150": 9001,
        "150-160": 9059,
        "160-170": 8988,
        "170-180": 9047,
        "180-190": 9049,
        "190-200": 9155,
        "200-210": 9025,
        "210-220": 9026,
        "220-230": 9042,
        "230-240": 9075,
        "240-250": 9066,
        "250-260": 9221,
        "260-270": 8904,
        "270-280": 9109,
        "280-290": 9158,
        "290-300": 8958,
        "300-310": 9167,
        "310-320": 9157,
        "320-330": 9131,
        "330-340": 9080,
        "340-350": 8934,
        "350-360": 9049,
        "360-370": 8965,
        "370-380": 9019,
        "380-390": 9046,
        "390-400": 9225,
        "400-410": 9164,
        "410-420": 9075,
        "420-430": 9211,
        "430-440": 8931,
        "440-450": 9190,
        "450-460": 9045,
        "460-470": 9187,
        "470-480": 9051,
        "480-490": 9025,
        "490-500": 9037,
        "500-510": 9096
      },
      "cumulative_depth": {
        "mean": 11563.577,
        "std": 1256.1531813720012,
        "min": 7280.0,
        "max": 16040.0,
        "median": 11540.0
      }
    },
    "greedy": {
      "mean": 208.27312390819122,
      "std": 95.60013042273148,
      "min": 10.000129699707031,
      "max": 547.0880737304688,
      "median": 198.27481079101562,
      "p5": 34.75934600830078,
      "p25": 171.42916870117188,
      "p75": 261.7942810058594,
      "p95": 379.0492431640623,
      "n_values": 128109,
      "histogram": {
        "10-20": 2610,
        "20-30": 2594,
        "30-40": 2435,
        "40-50": 2316,
        "50-60": 2135,
        "60-70": 1949,
        "70-80": 1970,
        "80-90": 1834,
        "90-100": 1767,
        "100-110": 1748,
        "110-120": 1728,
        "120-130": 1774,
        "130-140": 1721,
        "140-150": 1799,
        "150-160": 1711,
        "160-170": 1680,
        "170-180": 1753,
        "180-190": 1930,
        "190-200": 36605,
        "200-210": 2691,
        "210-220": 3023,
        "220-230": 3583,
        "230-240": 5427,
        "240-250": 4384,
        "250-260": 4177,
        "260-270": 3813,
        "270-280": 3379,
        "280-290": 3015,
        "290-300": 2972,
        "300-310": 2519,
        "310-320": 2216,
        "320-330": 1793,
        "330-340": 1618,
        "340-350": 1412,
        "350-360": 1375,
        "360-370": 1271,
        "370-380": 1077,
        "380-390": 959,
        "390-400": 904,
        "400-410": 823,
        "410-420": 789,
        "420-430": 632,
        "430-440": 526,
        "440-450": 500,
        "450-460": 385,
        "460-470": 289,
        "470-480": 247,
        "480-490": 150,
        "490-500": 77,
        "500-510": 20,
        "510-520": 3,
        "540-550": 1
      },
      "cumulative_depth": {
        "mean": 2668.166163075447,
        "std": 963.7982364339309,
        "min": 1059.3971061706543,
        "max": 7518.5168533325195,
        "median": 2257.9275283813477
      }
    },
    "oracle": {
      "mean": 207.41607873219755,
      "std": 96.69861637915722,
      "min": 10.000129699707031,
      "max": 515.4120483398438,
      "median": 198.59075927734375,
      "p5": 33.95833892822266,
      "p25": 164.6107177734375,
      "p75": 262.59649658203125,
      "p95": 378.661474609375,
      "n_values": 127805,
      "histogram": {
        "10-20": 2857,
        "20-30": 2572,
        "30-40": 2372,
        "40-50": 2357,
        "50-60": 2262,
        "60-70": 2183,
        "70-80": 2063,
        "80-90": 1985,
        "90-100": 1937,
        "100-110": 1829,
        "110-120": 1719,
        "120-130": 1744,
        "130-140": 1716,
        "140-150": 1799,
        "150-160": 1727,
        "160-170": 1836,
        "170-180": 1829,
        "180-190": 1948,
        "190-200": 32240,
        "200-210": 5878,
        "210-220": 3034,
        "220-230": 3629,
        "230-240": 5356,
        "240-250": 4173,
        "250-260": 3880,
        "260-270": 3568,
        "270-280": 3265,
        "280-290": 2924,
        "290-300": 3055,
        "300-310": 2598,
        "310-320": 2219,
        "320-330": 1879,
        "330-340": 1675,
        "340-350": 1521,
        "350-360": 1454,
        "360-370": 1308,
        "370-380": 1176,
        "380-390": 991,
        "390-400": 938,
        "400-410": 858,
        "410-420": 759,
        "420-430": 606,
        "430-440": 499,
        "440-450": 496,
        "450-460": 370,
        "460-470": 262,
        "470-480": 227,
        "480-490": 133,
        "490-500": 75,
        "500-510": 20,
        "510-520": 4
      },
      "cumulative_depth": {
        "mean": 2650.8811942368507,
        "std": 970.4983890005718,
        "min": 1127.6216011047363,
        "max": 7574.09659576416,
        "median": 2255.3627166748047
      }
    }
  }
}