{
  "greedy": {
    "mse": 0.017809204748479503,
    "mae": 0.06752783092753276,
    "r2": 0.7614081591113001
  },
  "top1": {
    "mse": 0.033836128501899154,
    "mae": 0.09249249857178594,
    "r2": 0.5466937293477983
  },
  "oracle": {
    "mse": 0.01701598503205548,
    "mae": 0.06550695701974973,
    "r2": 0.7720350093858458
  },
  "sequence_lengths": {
    "ground_truth": {
      "mean": 45.2456,
      "std": 3.1841609004571363,
      "min": 40,
      "max": 50,
      "median": 45.0,
      "histogram": {
        "40": 838,
        "41": 849,
        "42": 803,
        "43": 858,
        "44": 864,
        "45": 894,
        "46": 918,
        "47": 930,
        "48": 970,
        "49": 1037,
        "50": 1039
      }
    },
    "greedy": {
      "mean": 17.5041,
      "std": 5.2124642147452676,
      "min": 7,
      "max": 28,
      "median": 17.0,
      "histogram": {
        "7": 2,
        "8": 16,
        "9": 50,
        "10": 283,
        "11": 967,
        "12": 1540,
        "13": 609,
        "14": 445,
        "15": 395,
        "16": 407,
        "17": 380,
        "18": 391,
        "19": 406,
        "20": 466,
        "21": 504,
        "22": 634,
        "23": 752,
        "24": 776,
        "25": 575,
        "26": 302,
        "27": 93,
        "28": 7
      }
    },
    "oracle": {
      "mean": 17.6992,
      "std": 5.2009152425318375,
      "min": 0,
      "max": 30,
      "median": 17.0,
      "histogram": {
        "0": 3,
        "1": 2,
        "2": 2,
        "6": 1,
        "7": 3,
        "8": 10,
        "9": 43,
        "10": 280,
        "11": 816,
        "12": 1281,
        "13": 789,
        "14": 527,
        "15": 450,
        "16": 394,
        "17": 446,
        "18": 381,
        "19": 401,
        "20": 407,
        "21": 509,
        "22": 639,
        "23": 760,
        "24": 764,
        "25": 646,
        "26": 326,
        "27": 97,
        "28": 20,
        "29": 2,
        "30": 1
      }
    }
  },
  "thickness_distribution": {
    "ground_truth": {
      "mean": 255.57351433067524,
      "std": 144.21723422222018,
      "min": 10.0,
      "max": 500.0,
      "median": 260.0,
      "p5": 30.0,
      "p25": 130.0,
      "p75": 380.0,
      "p95": 480.0,
      "n_values": 452456,
      "histogram": {
        "10-20": 8945,
        "20-30": 9051,
        "30-40": 8850,
        "40-50": 9077,
        "50-60": 9059,
        "60-70": 8960,
        "70-80": 9076,
        "80-90": 9017,
        "90-100": 9052,
        "100-110": 8834,
        "110-120": 8958,
        "120-130": 8877,
        "130-140": 9032,
        "140-150": 9001,
        "150-160": 9059,
        "160-170": 8988,
        "170-180": 9047,
        "180-190": 9049,
        "190-200": 9155,
        "200-210": 9025,
        "210-220": 9026,
        "220-230": 9042,
        "230-240": 9075,
        "240-250": 9066,
        "250-260": 9221,
        "260-270": 8904,
        "270-280": 9109,
        "280-290": 9158,
        "290-300": 8958,
        "300-310": 9167,
        "310-320": 9157,
        "320-330": 9131,
        "330-340": 9080,
        "340-350": 8934,
        "350-360": 9049,
        "360-370": 8965,
        "370-380": 9019,
        "380-390": 9046,
        "390-400": 9225,
        "400-410": 9164,
        "410-420": 9075,
        "420-430": 9211,
        "430-440": 8931,
        "440-450": 9190,
        "450-460": 9045,
        "460-470": 9187,
        "470-480": 9051,
        "480-490": 9025,
        "490-500": 9037,
        "500-510": 9096
      },
      "cumulative_depth": {
        "mean": 11563.577,
        "std": 1256.1531813720012,
        "min": 7280.0,
        "max": 16040.0,
        "median": 11540.0
      }
    },
    "greedy": {
      "mean": 211.68870866752857,
      "std": 100.1538714135736,
      "min": 10.008345603942871,
      "max": 533.0758056640625,
      "median": 211.1782989501953,
      "p5": 41.24607467651367,
      "p25": 136.2337646484375,
      "p75": 288.08831787109375,
      "p95": 367.6045227050781,
      "n_values": 175041,
      "histogram": {
        "10-20": 1801,
        "20-30": 2805,
        "30-40": 3649,
        "40-50": 4037,
        "50-60": 4078,
        "60-70": 3991,
        "70-80": 3781,
        "80-90": 3612,
        "90-100": 3498,
        "100-110": 3515,
        "110-120": 3493,
        "120-130": 3379,
        "130-140": 3418,
        "140-150": 3471,
        "150-160": 3449,
        "160-170": 3363,
        "170-180": 3462,
        "180-190": 3347,
        "190-200": 19677,
        "200-210": 5158,
        "210-220": 4627,
        "220-230": 5217,
        "230-240": 5439,
        "240-250": 5402,
        "250-260": 5930,
        "260-270": 6022,
        "270-280": 6570,
        "280-290": 6252,
        "290-300": 5733,
        "300-310": 5475,
        "310-320": 5397,
        "320-330": 4560,
        "330-340": 4088,
        "340-350": 3505,
        "350-360": 3053,
        "360-370": 2590,
        "370-380": 2235,
        "380-390": 1744,
        "390-400": 1304,
        "400-410": 961,
        "410-420": 685,
        "420-430": 437,
        "430-440": 325,
        "440-450": 208,
        "450-460": 132,
        "460-470": 89,
        "470-480": 29,
        "480-490": 21,
        "490-500": 17,
        "500-510": 5,
        "510-520": 2,
        "520-530": 1,
        "530-540": 2
      },
      "cumulative_depth": {
        "mean": 3705.420325387287,
        "std": 1638.3158901294814,
        "min": 852.4014053344727,
        "max": 8688.701400756836,
        "median": 3370.1554565429688
      }
    },
    "oracle": {
      "mean": 212.4870226658925,
      "std": 102.45265815397808,
      "min": 10.009702682495117,
      "max": 533.0752563476562,
      "median": 213.48971557617188,
      "p5": 39.080179977417,
      "p25": 133.53360748291016,
      "p75": 291.72894287109375,
      "p95": 371.09634552001955,
      "n_values": 176992,
      "histogram": {
        "10-20": 2336,
        "20-30": 3065,
        "30-40": 3799,
        "40-50": 4114,
        "50-60": 4224,
        "60-70": 4140,
        "70-80": 3760,
        "80-90": 3662,
        "90-100": 3617,
        "100-110": 3492,
        "110-120": 3439,
        "120-130": 3360,
        "130-140": 3471,
        "140-150": 3502,
        "150-160": 3421,
        "160-170": 3432,
        "170-180": 3377,
        "180-190": 3186,
        "190-200": 17440,
        "200-210": 5890,
        "210-220": 4933,
        "220-230": 5258,
        "230-240": 5457,
        "240-250": 5241,
        "250-260": 5721,
        "260-270": 5865,
        "270-280": 6486,
        "280-290": 6067,
        "290-300": 5627,
        "300-310": 5496,
        "310-320": 5628,
        "320-330": 4803,
        "330-340": 4242,
        "340-350": 3926,
        "350-360": 3387,
        "360-370": 2975,
        "370-380": 2505,
        "380-390": 1988,
        "390-400": 1571,
        "400-410": 1090,
        "410-420": 729,
        "420-430": 451,
        "430-440": 328,
        "440-450": 215,
        "450-460": 131,
        "460-470": 79,
        "470-480": 26,
        "480-490": 18,
        "490-500": 15,
        "500-510": 5,
        "520-530": 1,
        "530-540": 1
      },
      "cumulative_depth": {
        "mean": 3761.978905239737,
        "std": 1676.8349530436747,
        "min": 39.481727600097656,
        "max": 8795.085968017578,
        "median": 3403.133987426758
      }
    }
  }
}