{
  "greedy": {
    "mse": 0.0009933394632821028,
    "mae": 0.012633490170090139,
    "r2": 0.9870078212554728
  },
  "top1": {
    "mse": 0.03340387186309737,
    "mae": 0.05676468938988422,
    "r2": 0.5631009437894516
  },
  "oracle": {
    "mse": 0.0007665033713903239,
    "mae": 0.011091973957396004,
    "r2": 0.9899746771597278
  },
  "sequence_lengths": {
    "ground_truth": {
      "mean": 13.6898,
      "std": 4.832946922944633,
      "min": 1,
      "max": 20,
      "median": 15.0,
      "histogram": {
        "1": 54,
        "2": 91,
        "3": 152,
        "4": 198,
        "5": 226,
        "6": 268,
        "7": 305,
        "8": 402,
        "9": 456,
        "10": 467,
        "11": 507,
        "12": 576,
        "13": 621,
        "14": 658,
        "15": 698,
        "16": 769,
        "17": 826,
        "18": 842,
        "19": 875,
        "20": 1009
      }
    },
    "greedy": {
      "mean": 11.7492,
      "std": 3.577610845242954,
      "min": 1,
      "max": 31,
      "median": 11.0,
      "histogram": {
        "1": 31,
        "2": 50,
        "3": 79,
        "4": 90,
        "5": 84,
        "6": 112,
        "7": 125,
        "8": 131,
        "9": 148,
        "10": 2666,
        "11": 3539,
        "12": 485,
        "13": 408,
        "14": 377,
        "15": 317,
        "16": 271,
        "17": 235,
        "18": 204,
        "19": 170,
        "20": 152,
        "21": 110,
        "22": 73,
        "23": 61,
        "24": 33,
        "25": 19,
        "26": 15,
        "27": 7,
        "28": 3,
        "29": 3,
        "31": 2
      }
    },
    "oracle": {
      "mean": 11.689,
      "std": 3.454949927278252,
      "min": 1,
      "max": 30,
      "median": 11.0,
      "histogram": {
        "1": 16,
        "2": 42,
        "3": 78,
        "4": 97,
        "5": 103,
        "6": 115,
        "7": 134,
        "8": 147,
        "9": 154,
        "10": 2874,
        "11": 3171,
        "12": 579,
        "13": 457,
        "14": 361,
        "15": 333,
        "16": 295,
        "17": 242,
        "18": 214,
        "19": 173,
        "20": 152,
        "21": 95,
        "22": 67,
        "23": 58,
        "24": 17,
        "25": 16,
        "26": 3,
        "27": 2,
        "29": 2,
        "30": 3
      }
    }
  },
  "thickness_distribution": {
    "ground_truth": {
      "mean": 254.62125085830326,
      "std": 144.50803109812324,
      "min": 10.0,
      "max": 500.0,
      "median": 250.0,
      "p5": 30.0,
      "p25": 130.0,
      "p75": 380.0,
      "p95": 480.0,
      "n_values": 136898,
      "histogram": {
        "10-20": 2802,
        "20-30": 2703,
        "30-40": 2784,
        "40-50": 2702,
        "50-60": 2747,
        "60-70": 2791,
        "70-80": 2751,
        "80-90": 2844,
        "90-100": 2678,
        "100-110": 2838,
        "110-120": 2764,
        "120-130": 2700,
        "130-140": 2754,
        "140-150": 2712,
        "150-160": 2791,
        "160-170": 2709,
        "170-180": 2726,
        "180-190": 2766,
        "190-200": 2707,
        "200-210": 2729,
        "210-220": 2682,
        "220-230": 2762,
        "230-240": 2673,
        "240-250": 2692,
        "250-260": 2804,
        "260-270": 2661,
        "270-280": 2637,
        "280-290": 2728,
        "290-300": 2764,
        "300-310": 2773,
        "310-320": 2752,
        "320-330": 2768,
        "330-340": 2804,
        "340-350": 2695,
        "350-360": 2738,
        "360-370": 2706,
        "370-380": 2664,
        "380-390": 2672,
        "390-400": 2782,
        "400-410": 2771,
        "410-420": 2697,
        "420-430": 2740,
        "430-440": 2783,
        "440-450": 2701,
        "450-460": 2808,
        "460-470": 2738,
        "470-480": 2749,
        "480-490": 2746,
        "490-500": 2667,
        "500-510": 2743
      },
      "cumulative_depth": {
        "mean": 3485.714,
        "std": 1336.833665870216,
        "min": 10.0,
        "max": 7490.0,
        "median": 3630.0
      }
    },
    "greedy": {
      "mean": 202.74368210129128,
      "std": 98.58667701488574,
      "min": 10.000061988830566,
      "max": 529.1648559570312,
      "median": 196.07740020751953,
      "p5": 31.511526012420656,
      "p25": 151.24222946166992,
      "p75": 255.82969665527344,
      "p95": 382.93069305419914,
      "n_values": 117492,
      "histogram": {
        "10-20": 2852,
        "20-30": 2630,
        "30-40": 2442,
        "40-50": 2446,
        "50-60": 2225,
        "60-70": 2049,
        "70-80": 1981,
        "80-90": 1968,
        "90-100": 1888,
        "100-110": 1795,
        "110-120": 1737,
        "120-130": 1713,
        "130-140": 1735,
        "140-150": 1695,
        "150-160": 1686,
        "160-170": 1644,
        "170-180": 1783,
        "180-190": 1816,
        "190-200": 34790,
        "200-210": 2424,
        "210-220": 2514,
        "220-230": 2875,
        "230-240": 4368,
        "240-250": 3403,
        "250-260": 2859,
        "260-270": 2760,
        "270-280": 2510,
        "280-290": 2370,
        "290-300": 2462,
        "300-310": 2202,
        "310-320": 1788,
        "320-330": 1602,
        "330-340": 1475,
        "340-350": 1366,
        "350-360": 1242,
        "360-370": 1139,
        "370-380": 1089,
        "380-390": 964,
        "390-400": 888,
        "400-410": 792,
        "410-420": 739,
        "420-430": 658,
        "430-440": 546,
        "440-450": 454,
        "450-460": 355,
        "460-470": 295,
        "470-480": 238,
        "480-490": 156,
        "490-500": 64,
        "500-510": 13,
        "510-520": 4,
        "520-530": 3
      },
      "cumulative_depth": {
        "mean": 2382.0760697444916,
        "std": 804.1807451059972,
        "min": 11.198959350585938,
        "max": 6649.47730922699,
        "median": 2204.946717262268
      }
    },
    "oracle": {
      "mean": 202.26280587348347,
      "std": 99.75563433684825,
      "min": 10.00011920928955,
      "max": 529.412841796875,
      "median": 198.19977569580078,
      "p5": 30.584203720092784,
      "p25": 145.95791625976562,
      "p75": 256.66094970703125,
      "p95": 383.25106201171866,
      "n_values": 116890,
      "histogram": {
        "10-20": 3064,
        "20-30": 2620,
        "30-40": 2458,
        "40-50": 2449,
        "50-60": 2334,
        "60-70": 2237,
        "70-80": 2046,
        "80-90": 2004,
        "90-100": 1855,
        "100-110": 1819,
        "110-120": 1806,
        "120-130": 1803,
        "130-140": 1703,
        "140-150": 1684,
        "150-160": 1688,
        "160-170": 1722,
        "170-180": 1755,
        "180-190": 1895,
        "190-200": 30606,
        "200-210": 5445,
        "210-220": 2514,
        "220-230": 2954,
        "230-240": 4321,
        "240-250": 3095,
        "250-260": 2647,
        "260-270": 2602,
        "270-280": 2415,
        "280-290": 2323,
        "290-300": 2553,
        "300-310": 2145,
        "310-320": 1841,
        "320-330": 1665,
        "330-340": 1515,
        "340-350": 1429,
        "350-360": 1349,
        "360-370": 1173,
        "370-380": 1119,
        "380-390": 1049,
        "390-400": 922,
        "400-410": 808,
        "410-420": 745,
        "420-430": 654,
        "430-440": 564,
        "440-450": 445,
        "450-460": 339,
        "460-470": 268,
        "470-480": 226,
        "480-490": 141,
        "490-500": 57,
        "500-510": 12,
        "510-520": 4,
        "520-530": 3
      },
      "cumulative_depth": {
        "mean": 2364.2499378551483,
        "std": 809.2885331379456,
        "min": 10.260198593139648,
        "max": 7195.991813659668,
        "median": 2198.0843963623047
      }
    }
  }
}