{
  "greedy": {
    "mse": 0.001164341954990814,
    "mae": 0.012727618759228072,
    "r2": 0.9846889883888718
  },
  "top1": {
    "mse": 0.035840798830932497,
    "mae": 0.060589895763302946,
    "r2": 0.528696114830931
  },
  "oracle": {
    "mse": 0.0009373989626063579,
    "mae": 0.011523996200052603,
    "r2": 0.9876732721523903
  },
  "sequence_lengths": {
    "ground_truth": {
      "mean": 25.3297,
      "std": 3.148904239572871,
      "min": 20,
      "max": 30,
      "median": 25.0,
      "histogram": {
        "20": 752,
        "21": 810,
        "22": 814,
        "23": 814,
        "24": 928,
        "25": 910,
        "26": 912,
        "27": 974,
        "28": 985,
        "29": 1025,
        "30": 1076
      }
    },
    "greedy": {
      "mean": 12.8714,
      "std": 4.021151830010899,
      "min": 7,
      "max": 32,
      "median": 11.0,
      "histogram": {
        "7": 1,
        "8": 3,
        "9": 14,
        "10": 2740,
        "11": 3735,
        "12": 433,
        "13": 419,
        "14": 341,
        "15": 334,
        "16": 297,
        "17": 264,
        "18": 250,
        "19": 192,
        "20": 204,
        "21": 181,
        "22": 138,
        "23": 143,
        "24": 77,
        "25": 91,
        "26": 55,
        "27": 27,
        "28": 27,
        "29": 15,
        "30": 14,
        "31": 2,
        "32": 3
      }
    },
    "oracle": {
      "mean": 12.8199,
      "std": 3.904569629293349,
      "min": 6,
      "max": 31,
      "median": 11.0,
      "histogram": {
        "6": 1,
        "7": 1,
        "8": 2,
        "9": 12,
        "10": 2973,
        "11": 3326,
        "12": 547,
        "13": 440,
        "14": 396,
        "15": 339,
        "16": 313,
        "17": 287,
        "18": 230,
        "19": 210,
        "20": 201,
        "21": 181,
        "22": 149,
        "23": 124,
        "24": 97,
        "25": 57,
        "26": 42,
        "27": 34,
        "28": 16,
        "29": 9,
        "30": 10,
        "31": 3
      }
    }
  },
  "thickness_distribution": {
    "ground_truth": {
      "mean": 254.81332191064246,
      "std": 144.18355526905682,
      "min": 10.0,
      "max": 500.0,
      "median": 250.0,
      "p5": 30.0,
      "p25": 130.0,
      "p75": 380.0,
      "p95": 480.0,
      "n_values": 253297,
      "histogram": {
        "10-20": 4980,
        "20-30": 5171,
        "30-40": 5071,
        "40-50": 5014,
        "50-60": 5102,
        "60-70": 4987,
        "70-80": 5012,
        "80-90": 5125,
        "90-100": 5174,
        "100-110": 5039,
        "110-120": 4969,
        "120-130": 5177,
        "130-140": 5057,
        "140-150": 5043,
        "150-160": 5238,
        "160-170": 5044,
        "170-180": 4986,
        "180-190": 4972,
        "190-200": 5106,
        "200-210": 5060,
        "210-220": 5137,
        "220-230": 5240,
        "230-240": 4991,
        "240-250": 4986,
        "250-260": 5149,
        "260-270": 5239,
        "270-280": 4910,
        "280-290": 4966,
        "290-300": 5032,
        "300-310": 5053,
        "310-320": 5178,
        "320-330": 5103,
        "330-340": 5051,
        "340-350": 5110,
        "350-360": 5086,
        "360-370": 4985,
        "370-380": 5068,
        "380-390": 5058,
        "390-400": 5119,
        "400-410": 5023,
        "410-420": 5012,
        "420-430": 5059,
        "430-440": 5099,
        "440-450": 5044,
        "450-460": 5146,
        "460-470": 4907,
        "470-480": 5141,
        "480-490": 5140,
        "490-500": 4969,
        "500-510": 4969
      },
      "cumulative_depth": {
        "mean": 6454.345,
        "std": 1082.883055077971,
        "min": 3040.0,
        "max": 10210.0,
        "median": 6460.0
      }
    },
    "greedy": {
      "mean": 207.6460113997582,
      "std": 95.15107958470693,
      "min": 10.000113487243652,
      "max": 555.9215087890625,
      "median": 198.22698974609375,
      "p5": 35.514140129089355,
      "p25": 169.81086349487305,
      "p75": 261.3041687011719,
      "p95": 377.58961486816406,
      "n_values": 128714,
      "histogram": {
        "10-20": 2649,
        "20-30": 2433,
        "30-40": 2449,
        "40-50": 2325,
        "50-60": 2220,
        "60-70": 2014,
        "70-80": 1984,
        "80-90": 1835,
        "90-100": 1776,
        "100-110": 1798,
        "110-120": 1887,
        "120-130": 1729,
        "130-140": 1796,
        "140-150": 1717,
        "150-160": 1825,
        "160-170": 1771,
        "170-180": 1793,
        "180-190": 1916,
        "190-200": 37079,
        "200-210": 2808,
        "210-220": 3017,
        "220-230": 3580,
        "230-240": 5389,
        "240-250": 4357,
        "250-260": 3870,
        "260-270": 3796,
        "270-280": 3332,
        "280-290": 2922,
        "290-300": 3069,
        "300-310": 2478,
        "310-320": 2199,
        "320-330": 1859,
        "330-340": 1681,
        "340-350": 1517,
        "350-360": 1343,
        "360-370": 1204,
        "370-380": 1115,
        "380-390": 1011,
        "390-400": 930,
        "400-410": 798,
        "410-420": 737,
        "420-430": 651,
        "430-440": 526,
        "440-450": 454,
        "450-460": 373,
        "460-470": 272,
        "470-480": 214,
        "480-490": 120,
        "490-500": 68,
        "500-510": 22,
        "510-520": 3,
        "530-540": 1,
        "540-550": 1,
        "550-560": 1
      },
      "cumulative_depth": {
        "mean": 2672.694871130848,
        "std": 969.9201198151669,
        "min": 1135.3172988891602,
        "max": 7384.219799995422,
        "median": 2255.3653411865234
      }
    },
    "oracle": {
      "mean": 207.0159935090204,
      "std": 96.22004833776491,
      "min": 10.000105857849121,
      "max": 555.9218139648438,
      "median": 198.56167602539062,
      "p5": 34.4592472076416,
      "p25": 164.18157958984375,
      "p75": 261.7642822265625,
      "p95": 377.88759155273436,
      "n_values": 128199,
      "histogram": {
        "10-20": 2823,
        "20-30": 2440,
        "30-40": 2442,
        "40-50": 2337,
        "50-60": 2275,
        "60-70": 2188,
        "70-80": 2126,
        "80-90": 1971,
        "90-100": 1895,
        "100-110": 1854,
        "110-120": 1820,
        "120-130": 1778,
        "130-140": 1761,
        "140-150": 1795,
        "150-160": 1742,
        "160-170": 1878,
        "170-180": 1821,
        "180-190": 1971,
        "190-200": 32803,
        "200-210": 6058,
        "210-220": 3067,
        "220-230": 3571,
        "230-240": 5347,
        "240-250": 4146,
        "250-260": 3566,
        "260-270": 3507,
        "270-280": 3187,
        "280-290": 2920,
        "290-300": 3021,
        "300-310": 2523,
        "310-320": 2222,
        "320-330": 1959,
        "330-340": 1707,
        "340-350": 1618,
        "350-360": 1403,
        "360-370": 1284,
        "370-380": 1207,
        "380-390": 1054,
        "390-400": 954,
        "400-410": 782,
        "410-420": 766,
        "420-430": 656,
        "430-440": 500,
        "440-450": 467,
        "450-460": 334,
        "460-470": 257,
        "470-480": 197,
        "480-490": 114,
        "490-500": 60,
        "500-510": 18,
        "510-520": 4,
        "530-540": 1,
        "540-550": 1,
        "550-560": 1
      },
      "cumulative_depth": {
        "mean": 2653.9243351862906,
        "std": 972.1405286627057,
        "min": 1071.5980014801025,
        "max": 7792.236847877502,
        "median": 2255.1594381332397
      }
    }
  }
}