{
  "greedy": {
    "mse": 0.0012816321027338793,
    "mae": 0.013097207142456067,
    "r2": 0.982824424345547
  },
  "top1": {
    "mse": 0.035545218899211674,
    "mae": 0.06090587085211108,
    "r2": 0.5236467664509884
  },
  "oracle": {
    "mse": 0.0010050042772700206,
    "mae": 0.011704154485662617,
    "r2": 0.9865316053175641
  },
  "sequence_lengths": {
    "ground_truth": {
      "mean": 35.3608,
      "std": 3.163356344138295,
      "min": 30,
      "max": 40,
      "median": 36.0,
      "histogram": {
        "30": 769,
        "31": 808,
        "32": 791,
        "33": 820,
        "34": 856,
        "35": 899,
        "36": 945,
        "37": 970,
        "38": 978,
        "39": 1085,
        "40": 1079
      }
    },
    "greedy": {
      "mean": 12.8195,
      "std": 4.017003827481373,
      "min": 7,
      "max": 34,
      "median": 11.0,
      "histogram": {
        "7": 2,
        "8": 9,
        "9": 17,
        "10": 2769,
        "11": 3761,
        "12": 459,
        "13": 371,
        "14": 358,
        "15": 329,
        "16": 276,
        "17": 278,
        "18": 221,
        "19": 225,
        "20": 189,
        "21": 179,
        "22": 126,
        "23": 114,
        "24": 79,
        "25": 77,
        "26": 45,
        "27": 39,
        "28": 33,
        "29": 21,
        "30": 11,
        "31": 5,
        "32": 5,
        "33": 1,
        "34": 1
      }
    },
    "oracle": {
      "mean": 12.7954,
      "std": 3.912152711743242,
      "min": 8,
      "max": 33,
      "median": 11.0,
      "histogram": {
        "8": 3,
        "9": 15,
        "10": 2946,
        "11": 3359,
        "12": 598,
        "13": 415,
        "14": 421,
        "15": 334,
        "16": 310,
        "17": 264,
        "18": 251,
        "19": 192,
        "20": 189,
        "21": 164,
        "22": 127,
        "23": 135,
        "24": 85,
        "25": 56,
        "26": 49,
        "27": 32,
        "28": 25,
        "29": 17,
        "30": 5,
        "31": 4,
        "32": 3,
        "33": 1
      }
    }
  },
  "thickness_distribution": {
    "ground_truth": {
      "mean": 255.39750231895206,
      "std": 144.52398685357247,
      "min": 10.0,
      "max": 500.0,
      "median": 260.0,
      "p5": 30.0,
      "p25": 130.0,
      "p75": 380.0,
      "p95": 480.0,
      "n_values": 353608,
      "histogram": {
        "10-20": 7256,
        "20-30": 7018,
        "30-40": 7171,
        "40-50": 7178,
        "50-60": 7067,
        "60-70": 6981,
        "70-80": 6857,
        "80-90": 7087,
        "90-100": 7109,
        "100-110": 7059,
        "110-120": 6993,
        "120-130": 6934,
        "130-140": 7054,
        "140-150": 7017,
        "150-160": 6969,
        "160-170": 7058,
        "170-180": 7029,
        "180-190": 7180,
        "190-200": 6951,
        "200-210": 7062,
        "210-220": 7010,
        "220-230": 7140,
        "230-240": 6988,
        "240-250": 7173,
        "250-260": 6971,
        "260-270": 7058,
        "270-280": 6913,
        "280-290": 7135,
        "290-300": 7205,
        "300-310": 7013,
        "310-320": 6866,
        "320-330": 7062,
        "330-340": 7064,
        "340-350": 7118,
        "350-360": 7229,
        "360-370": 7129,
        "370-380": 7077,
        "380-390": 6987,
        "390-400": 7128,
        "400-410": 7160,
        "410-420": 7055,
        "420-430": 7153,
        "430-440": 7183,
        "440-450": 7059,
        "450-460": 7164,
        "460-470": 7109,
        "470-480": 7089,
        "480-490": 7123,
        "490-500": 7072,
        "500-510": 7145
      },
      "cumulative_depth": {
        "mean": 9031.06,
        "std": 1163.346335533834,
        "min": 5450.0,
        "max": 13270.0,
        "median": 9030.0
      }
    },
    "greedy": {
      "mean": 208.16298583681004,
      "std": 95.07621280148247,
      "min": 10.000081062316895,
      "max": 524.0075073242188,
      "median": 198.288330078125,
      "p5": 35.40500183105469,
      "p25": 172.42803955078125,
      "p75": 261.5811767578125,
      "p95": 378.6191040039062,
      "n_values": 128195,
      "histogram": {
        "10-20": 2551,
        "20-30": 2557,
        "30-40": 2364,
        "40-50": 2311,
        "50-60": 2230,
        "60-70": 2028,
        "70-80": 1893,
        "80-90": 1817,
        "90-100": 1807,
        "100-110": 1738,
        "110-120": 1759,
        "120-130": 1706,
        "130-140": 1741,
        "140-150": 1743,
        "150-160": 1650,
        "160-170": 1731,
        "170-180": 1773,
        "180-190": 1930,
        "190-200": 36647,
        "200-210": 2691,
        "210-220": 2972,
        "220-230": 3770,
        "230-240": 5515,
        "240-250": 4486,
        "250-260": 4082,
        "260-270": 4025,
        "270-280": 3427,
        "280-290": 2954,
        "290-300": 3109,
        "300-310": 2403,
        "310-320": 2082,
        "320-330": 1831,
        "330-340": 1555,
        "340-350": 1452,
        "350-360": 1358,
        "360-370": 1158,
        "370-380": 1073,
        "380-390": 1030,
        "390-400": 949,
        "400-410": 778,
        "410-420": 801,
        "420-430": 633,
        "430-440": 540,
        "440-450": 439,
        "450-460": 371,
        "460-470": 273,
        "470-480": 221,
        "480-490": 151,
        "490-500": 67,
        "500-510": 17,
        "510-520": 5,
        "520-530": 1
      },
      "cumulative_depth": {
        "mean": 2668.545396934986,
        "std": 984.8682853522865,
        "min": 1214.4389839172363,
        "max": 7872.58092880249,
        "median": 2255.3863525390625
      }
    },
    "oracle": {
      "mean": 207.41047639393793,
      "std": 96.19008496492997,
      "min": 10.00004768371582,
      "max": 524.0064086914062,
      "median": 198.57418823242188,
      "p5": 34.44095039367676,
      "p25": 165.19757080078125,
      "p75": 261.74694061279297,
      "p95": 378.51522674560533,
      "n_values": 127954,
      "histogram": {
        "10-20": 2826,
        "20-30": 2513,
        "30-40": 2380,
        "40-50": 2314,
        "50-60": 2257,
        "60-70": 2170,
        "70-80": 2013,
        "80-90": 1881,
        "90-100": 1869,
        "100-110": 1800,
        "110-120": 1880,
        "120-130": 1757,
        "130-140": 1788,
        "140-150": 1776,
        "150-160": 1796,
        "160-170": 1857,
        "170-180": 1864,
        "180-190": 2008,
        "190-200": 32434,
        "200-210": 5905,
        "210-220": 2995,
        "220-230": 3764,
        "230-240": 5544,
        "240-250": 4129,
        "250-260": 3758,
        "260-270": 3619,
        "270-280": 3198,
        "280-290": 2945,
        "290-300": 3046,
        "300-310": 2361,
        "310-320": 2181,
        "320-330": 1926,
        "330-340": 1630,
        "340-350": 1598,
        "350-360": 1475,
        "360-370": 1282,
        "370-380": 1165,
        "380-390": 1091,
        "390-400": 963,
        "400-410": 778,
        "410-420": 793,
        "420-430": 644,
        "430-440": 548,
        "440-450": 414,
        "450-460": 342,
        "460-470": 247,
        "470-480": 208,
        "480-490": 139,
        "490-500": 60,
        "500-510": 18,
        "510-520": 4,
        "520-530": 1
      },
      "cumulative_depth": {
        "mean": 2653.9000096509935,
        "std": 982.0303842650396,
        "min": 1014.5051927566528,
        "max": 7354.351417541504,
        "median": 2255.36190032959
      }
    }
  }
}